Unique ID,Pokemon Name,Number,Set,Rarity,Extra Filter,Condition,Purchase Date,Site/Location,Purchase Price,Platform,Order,Shipping Charged Per Card,Shipping Cost,Net Fee,Card Price Sold,Profit Calc
poke1,MKangaskhan EX,79,World Championship Decks,UR,,NM,05/07/2025,"FB, RM",5,Ebay,Unsold,1.31,0,0,,-3.69
poke2,Keldeo EX,45,World Championship Decks,UR,,NM,05/07/2025,"FB, RM",5,Ebay,Unsold,1.31,0,0,,-3.69
poke3,Xerneas EX,97,World Championship Decks,UR,,NM,05/07/2025,"FB, RM",5,Ebay,Unsold,1.31,0,0,,-3.69
poke4,Kingdra EX,73,Fates Collide,UR,,Damaged,05/07/2025,"FB, RM",5,Ebay,Unsold,1.31,0,0,,-3.69
poke5,MSwampert EX,XY87,XY Promo,Promo,,LP,05/07/2025,"FB, RM",5,Ebay,Unsold,1.31,0,0,,-3.69
poke6,MLucario EX,113,Furious Fists,Secret Rare,,LP,05/07/2025,"FB, RM",50,Ebay,Unsold,1.31,0,0,,-48.69
poke7,Emolga EX,143,XY Base,UR,,LP,05/07/2025,"FB, RM",5,Ebay,Unsold,1.31,0,0,,-3.69
poke8,Gengar EX,114,Phantom Forces,UR,,LP,05/07/2025,"FB, RM",100,Ebay,Unsold,1.31,0,0,,-98.69
poke9,Pikachu & Zekrom GX,168,SM Promo,Promo,,NM,05/03/2025,"FB, Bridgeview",65,Ebay,Unsold,1.31,0,0,,-63.69
poke10,Pikachu & Zekrom GX,168,SM Promo,Promo,,NM,05/03/2025,"FB, Bridgeview",65,Ebay,Unsold,1.31,0,0,,-63.69
poke11,Pikachu & Zekrom GX,168,SM Promo,Promo,,NM,05/03/2025,"FB, Bridgeview",65,Ebay,Unsold,1.31,0,0,,-63.69
poke12,Pikachu & Zekrom GX,168,SM Promo,Promo,,NM,05/03/2025,"FB, Bridgeview",65,Ebay,Unsold,1.31,0,0,,-63.69
poke13,Pikachu & Zekrom GX,168,SM Promo,Promo,,NM,05/03/2025,"FB, Bridgeview",65,Ebay,Unsold,1.31,0,0,,-63.69
poke14,Pikachu & Zekrom GX,168,SM Promo,Promo,,NM,05/03/2025,"FB, Bridgeview",65,Ebay,Unsold,1.31,0,0,,-63.69
poke15,Pikachu & Zekrom GX,168,SM Promo,Promo,,NM,05/03/2025,"FB, Bridgeview",65,Ebay,Unsold,1.31,0,0,,-63.69
poke16,Pikachu & Zekrom GX,168,SM Promo,Promo,,NM,05/03/2025,"FB, Bridgeview",65,Ebay,Unsold,1.31,0,0,,-63.69
poke17,Pikachu & Zekrom GX,168,SM Promo,Promo,,LP,05/03/2025,"FB, Bridgeview",65,Ebay,Unsold,1.31,0,0,,-63.69
poke18,Pikachu & Zekrom GX,168,SM Promo,Promo,,HP,05/03/2025,"FB, Bridgeview",65,Ebay,Unsold,1.31,0,0,,-63.69
poke19,Carracosta GX,239,SM Promo,Promo,,LP,05/07/2025,"FB, Caledonia",1.61,Ebay,Unsold,1.31,0,0,,-0.3
poke20,Charizard GX,211,SM Promo,Promo,,MP,05/07/2025,"FB, Caledonia",1.61,Ebay,Unsold,1.31,0,0,,-0.3
poke21,Gyrados GX,212,SM Promo,Promo,,MP,05/07/2025,"FB, Caledonia",1.61,Ebay,Unsold,1.31,0,0,,-0.3
poke22,Gyrados GX,212,SM Promo,Promo,,MP,05/07/2025,"FB, Caledonia",1.61,Ebay,Unsold,1.31,0,0,,-0.3
poke23,Incineroar GX,97,Team Up,UR,,NM,05/07/2025,"FB, Caledonia",1.61,Ebay,Unsold,1.31,0,0,,-0.3
poke24,Jirachi GX,79a,Alternate Art Promo,Promo,,MP,05/07/2025,"FB, Caledonia",1.61,Ebay,Unsold,1.31,0,0,,-0.3
poke25,Raichu GX,213,SM Promo,Promo,,LP,05/07/2025,"FB, Caledonia",1.61,Ebay,Unsold,1.31,0,0,,-0.3
poke26,Starmie GX,14,Hidden Fates,UR,,NM,05/07/2025,"FB, Caledonia",1.61,Ebay,Unsold,1.31,0,0,,-0.3
poke27,Garchomp,SV40,Hidden Fates,Shiny Holo Rare,,NM,05/07/2025,"FB, Caledonia",1.61,Ebay,Unsold,1.31,0,0,,-0.3
poke28,Chansey,70,XY Evolutions,Holo Rare,,LP,05/07/2025,"FB, Caledonia",1.61,Ebay,Unsold,1.31,0,0,,-0.3
poke29,Clefairy,63,XY Evolutions,Holo Rare,,NM,05/07/2025,"FB, Caledonia",1.61,Ebay,Unsold,1.31,0,0,,-0.3
poke30,Machop,57,XY Evolutions,Common,Reverse Holo,LP,05/07/2025,"FB, Caledonia",1.61,Ebay,Unsold,1.31,0,0,,-0.3
poke31,Pikachu,60,Jungle,Common,,Damaged,05/07/2025,"FB, Caledonia",1.61,Ebay,Unsold,1.31,0,0,,-0.3
poke32,Metal Energy,163,Sun & Moon Base,Secret Rare,,NM,05/07/2025,"FB, Caledonia",1.61,Ebay,Unsold,1.31,0,0,,-0.3
poke33,Armored Mewtwo,228,SM Promo,Promo,,LP,05/07/2025,"FB, Caledonia",100,Ebay,Unsold,1.31,0,0,,-98.69
poke34,Togepi & Clefairy & Igglypuff GX,143a,Alternate Art Promo,Promo,,Damaged,05/07/2025,"FB, Caledonia",1.61,Ebay,Unsold,1.31,0,0,,-0.3
poke35,Guzzlord GX,SV71,Hidden Fates,Shiny Holo Rare,,NM,05/07/2025,"FB, Caledonia",1.61,Ebay,Unsold,1.31,0,0,,-0.3
poke36,Charmeleon,SV7,Hidden Fates,Shiny Holo Rare,,NM,05/07/2025,"FB, Caledonia",1.61,Ebay,Unsold,1.31,0,0,,-0.3
poke37,Wooper,SV9,Hidden Fates,Shiny Holo Rare,,NM,05/07/2025,"FB, Caledonia",1.61,Ebay,Unsold,1.31,0,0,,-0.3
poke38,Pikachu Birthday,24,Celebrations,Classic Collection,,NM,05/07/2025,"FB, Caledonia",1.61,Ebay,Unsold,1.31,0,0,,-0.3
poke39,Teal Mask Ogerpon,123,SV Promo,Promo,,NM,05/07/2025,"FB, Caledonia",1.61,TCGPlayer,72F2E,0.655,0.5,0.84,0.73,-1.565
poke40,Zamazenta V,SWSH077,SWSH Promo,Promo,,NM,05/07/2025,"FB, Caledonia",1.61,TCGPlayer,B0AC5,0.655,0.5,0.625,3.95,1.87
poke41,Flutter Mane,97,SV Promo,Promo,,NM,05/07/2025,"FB, Caledonia",1.61,TCGPlayer,C12C4,0.1190909091,0.1327272727,0.1627272727,1.45,-0.3363636364
poke42,Zacian V,SWSH076,SWSH Promo,Promo,,NM,05/07/2025,"FB, Caledonia",1.61,TCGPlayer,142AA,0.3275,0.25,0.6575,3.95,1.76
poke43,Eevee,173,SV Promo,Promo,,Unknown,05/07/2025,"FB, Caledonia",1.61,TCGPlayer,49875,1.31,1,1.33,6.65,4.02
poke44,Eternatus Vmax,117,Darkness Ablaze,UR,,NM,05/07/2025,"FB, Caledonia",1.61,TCGPlayer,6115A,0.0655,0.28,0.1275,2.95,0.998
poke45,Galarian Darmanitan VMAX,37,Vivid Voltage,UR,,NM,05/07/2025,"FB, Caledonia",1.61,TCGPlayer,6115A,0.0655,0.28,0.1275,0.85,-1.102
poke46,Gardevoir VMAX,17,Champion's Path,UR,,NM,05/07/2025,"FB, Caledonia",1.61,TCGPlayer,058AC,0.1871428571,0.7728571429,0.7342857143,1.7,-1.23
poke47,Lycanroc VMAX,92,Evolving Skies,UR,,NM,05/07/2025,"FB, Caledonia",1.61,TCGPlayer,142AA,0.3275,0.25,0.6575,1.23,-0.96
poke48,Togekiss VMAX,141,Vivid Voltage,UR,,NM,05/07/2025,"FB, Caledonia",1.61,TCGPlayer,908E3,0.08733333333,0.09733333333,0.1053333333,0.95,-0.7753333333
poke49,Kleavor VSTAR,SWSH249,SWSH Promo,Promo,,NM,05/07/2025,"FB, Caledonia",1.61,TCGPlayer,F6415,0.08733333333,0.09733333333,0.06933333333,0.2,-1.489333333
poke50,Aegislash V,126,Vivid Voltage,UR,,NM,05/07/2025,"FB, Caledonia",1.61,TCGPlayer,F6415,0.08733333333,0.09733333333,0.06933333333,0.35,-1.339333333
poke51,Arceus V,122,Brilliant Stars,UR,,NM,05/07/2025,"FB, Caledonia",1.61,TCGPlayer,3562B,1.31,1,0.59,0.95,-0.94
poke52,Breloom V,6,Fushion Strike,UR,,NM,05/07/2025,"FB, Caledonia",1.61,TCGPlayer,F6415,0.08733333333,0.09733333333,0.06933333333,0.35,-1.339333333
poke53,Charizard V,19,Darkness Ablaze,UR,,NM,05/07/2025,"FB, Caledonia",1.61,TCGPlayer,EB8D2,0.655,0.5,0.685,3.5,1.36
poke54,Charizard V,19,Darkness Ablaze,UR,,NM,05/07/2025,"FB, Caledonia",1.61,TCGPlayer,EB8D2,0.655,0.5,0.685,3.5,1.36
poke55,Dhelmise V,9,Sword & Shield Base,UR,,NM,05/07/2025,"FB, Caledonia",1.61,TCGPlayer,F6415,0.08733333333,0.09733333333,0.06933333333,0.4,-1.289333333
poke56,Eldegoss V,5,Champion's Path,UR,,NM,05/07/2025,"FB, Caledonia",1.61,TCGPlayer,6115A,0.0655,0.28,0.1275,0.4,-1.552
poke57,Galarian Cursola V,21,Champion's Path,UR,,NM,05/07/2025,"FB, Caledonia",1.61,TCGPlayer,F6415,0.08733333333,0.09733333333,0.06933333333,0.4,-1.289333333
poke58,Galarian Cursola V,21,Champion's Path,UR,,NM,05/07/2025,"FB, Caledonia",1.61,TCGPlayer,6115A,0.0655,0.28,0.1275,0.4,-1.552
poke59,Galarian Cursola V,71,Champion's Path,UR,,NM,05/07/2025,"FB, Caledonia",1.61,TCGPlayer,95CB3,0.2183333333,0.1666666667,0.145,0.8,-0.9033333333
poke60,Grapploct V,32,Champion's Path,UR,,NM,05/07/2025,"FB, Caledonia",1.61,TCGPlayer,F6415,0.08733333333,0.09733333333,0.06933333333,0.4,-1.289333333
poke61,Grapploct V,72,Champion's Path,UR,,NM,05/07/2025,"FB, Caledonia",1.61,TCGPlayer,95CB3,0.2183333333,0.1666666667,0.145,0.8,-0.9033333333
poke62,Grapploct V,72,Champion's Path,UR,,NM,05/07/2025,"FB, Caledonia",1.61,TCGPlayer,6115A,0.0655,0.28,0.1275,0.75,-1.202
poke63,Hatterene V,SWSH055,SWSH Promo,Promo,,HP,05/07/2025,"FB, Caledonia",1.61,TCGPlayer,F6415,0.08733333333,0.09733333333,0.06933333333,0.2,-1.489333333
poke64,Hatterene V,SWSH055,SWSH Promo,Promo,,NM,05/07/2025,"FB, Caledonia",1.61,TCGPlayer,95CB3,0.2183333333,0.1666666667,0.145,0.25,-1.453333333
poke65,Kleavor V,SWSH248,SWSH Promo,Promo,,NM,05/07/2025,"FB, Caledonia",1.61,TCGPlayer,F6415,0.08733333333,0.09733333333,0.06933333333,0.4,-1.289333333
poke66,Magnezone V,175,Lost Origin,UR,,NM,05/07/2025,"FB, Caledonia",1.61,TCGPlayer,6115A,0.0655,0.28,0.1275,0.99,-0.962
poke67,Pikachu V,43,Vivid Voltage,UR,,NM,05/07/2025,"FB, Caledonia",1.61,TCGPlayer,95CB3,0.2183333333,0.1666666667,0.145,0.5,-1.203333333
poke68,Rillaboom V,SV105,Shining Fates,Shiny Holo Rare,,MP,05/07/2025,"FB, Caledonia",1.61,TCGPlayer,Unsold,1.31,0,0,,-0.3
poke69,Sylveon V,74,Evolving Skies,UR,,NM,05/07/2025,"FB, Caledonia",1.61,TCGPlayer,B0AC5,0.655,0.5,0.625,2.2,0.12
poke70,Talonflame V,29,Vivid Voltage,UR,,NM,05/07/2025,"FB, Caledonia",1.61,TCGPlayer,16CBC,0.05458333333,0.23,0.11625,0.3,-1.601666667
poke71,Talonflame V,168,Vivid Voltage,UR,,HP,05/07/2025,"FB, Caledonia",1.61,TCGPlayer,C7D1F,1.31,1,0.63,1.25,-0.68
poke72,Togekiss V,140,Vivid Voltage,UR,,NM,05/07/2025,"FB, Caledonia",1.61,TCGPlayer,908E3,0.08733333333,0.09733333333,0.1053333333,0.3,-1.425333333
poke73,Hero's Cape,152,Temporal Forces,Ace Spec,,NM,05/07/2025,"FB, Caledonia",1.61,TCGPlayer,C12C4,0.1190909091,0.1327272727,0.1627272727,2.95,1.163636364
poke74,Reboot Pod,158,Temporal Forces,Ace Spec,,NM,05/07/2025,"FB, Caledonia",1.61,TCGPlayer,908E3,0.08733333333,0.09733333333,0.1053333333,0.05,-1.675333333
poke75,Sparkling Crystal,142,Stellar Crown,Ace Spec,,NM,05/07/2025,"FB, Caledonia",1.61,TCGPlayer,908E3,0.08733333333,0.09733333333,0.1053333333,0.15,-1.575333333
poke76,Murkrow,181,Paldean Fates,Shiny Rare,,NM,05/07/2025,"FB, Caledonia",1.61,TCGPlayer,67022,0.4366666667,1.783333333,1.243333333,2.45,-1.75
poke77,Shroodle,189,Paldean Fates,Shiny Rare,,NM,05/07/2025,"FB, Caledonia",1.61,TCGPlayer,C3109,0.4366666667,0.3333333333,0.3666666667,1.25,-0.6233333333
poke78,Xatu,152,Paldean Fates,Shiny Rare,,NM,05/07/2025,"FB, Caledonia",1.61,TCGPlayer,47BC6,1.31,1,0.77,2.38,0.31
poke79,Ceruledge ex,36,Surging Sparks,Double Rare,,NM,05/07/2025,"FB, Caledonia",1.61,TCGPlayer,908E3,0.08733333333,0.09733333333,0.1053333333,0.7,-1.025333333
poke80,Copperajah ex,150,Paldea Evolved,Double Rare,,NM,05/07/2025,"FB, Caledonia",1.61,TCGPlayer,F6415,0.08733333333,0.09733333333,0.06933333333,0.24,-1.449333333
poke81,Copperajah ex,150,Paldea Evolved,Double Rare,,LP,05/07/2025,"FB, Caledonia",1.61,TCGPlayer,E36C8,1.31,1,0.5,0.25,-1.55
poke82,Dedenne ex,93,Paldea Evolved,Double Rare,,NM,05/07/2025,"FB, Caledonia",1.61,TCGPlayer,49D90,1.31,1,0.5,0.25,-1.55
poke83,Farigiraf ex,108,Temporal Forces,Double Rare,,NM,05/07/2025,"FB, Caledonia",1.61,TCGPlayer,705B1,0.3275,0.25,0.2325,0.4,-1.365
poke84,Gouging Fire ex,38,Temporal Forces,Double Rare,,NM,05/07/2025,"FB, Caledonia",1.61,TCGPlayer,F6415,0.08733333333,0.09733333333,0.06933333333,0.23,-1.459333333
poke85,Iron Boulder ex,99,Temporal Forces,Double Rare,,HP,05/07/2025,"FB, Caledonia",1.61,TCGPlayer,F6415,0.08733333333,0.09733333333,0.06933333333,0.2,-1.489333333
poke86,Iron Crown ex,81,Temporal Forces,Double Rare,,NM,05/07/2025,"FB, Caledonia",1.61,TCGPlayer,4FFD7,0.655,0.5,0.27,0.1,-1.625
poke87,Iron Leaves ex,25,Temporal Forces,Double Rare,,MP,05/07/2025,"FB, Caledonia",1.61,TCGPlayer,4FFD7,0.655,0.5,0.27,0.5,-1.225
poke88,Iron Leaves ex,25,Temporal Forces,Double Rare,,NM,05/07/2025,"FB, Caledonia",1.61,TCGPlayer,B3630,1.31,1,0.53,0.5,-1.33
poke89,Iron Treads ex,66,Paldean Fates,Double Rare,,NM,05/07/2025,"FB, Caledonia",1.61,TCGPlayer,F6415,0.08733333333,0.09733333333,0.06933333333,0.1,-1.589333333
poke90,Melmetal ex,153,Obsidian Flames,Double Rare,,NM,05/07/2025,"FB, Caledonia",1.61,TCGPlayer,6115A,0.0655,0.28,0.1275,0.45,-1.502
poke91,Palafin ex,126,SV Promo,Promo,,LP,05/07/2025,"FB, Caledonia",1.61,TCGPlayer,F6415,0.08733333333,0.09733333333,0.06933333333,0.5,-1.189333333
poke92,Palafin ex,61,Twilight Masquerade,Double Rare,,NM,05/07/2025,"FB, Caledonia",1.61,TCGPlayer,908E3,0.08733333333,0.09733333333,0.1053333333,0.15,-1.575333333
poke93,Quaquaval ex,52,Paldea Evolved,Double Rare,,NM,05/07/2025,"FB, Caledonia",1.61,TCGPlayer,F6415,0.08733333333,0.09733333333,0.06933333333,0.3,-1.389333333
poke94,Raging Bolt ex,123,Temporal Forces,Double Rare,,NM,05/07/2025,"FB, Caledonia",1.61,TCGPlayer,6115A,0.0655,0.28,0.1275,1.95,-0.002
poke95,Scream Tail ex,94,Twilight Masquerade,Double Rare,,NM,05/07/2025,"FB, Caledonia",1.61,TCGPlayer,F6415,0.08733333333,0.09733333333,0.06933333333,0.25,-1.439333333
poke96,Slaking ex,147,Surging Sparks,Double Rare,,NM,05/07/2025,"FB, Caledonia",1.61,TCGPlayer,908E3,0.08733333333,0.09733333333,0.1053333333,0.15,-1.575333333
poke97,Snorlax ex,76,Prismatic Evolutions,Double Rare,,NM,05/07/2025,"FB, Caledonia",1.61,TCGPlayer,7DF64,1.31,1,0.53,0.45,-1.38
poke98,Tyranitar ex,66,Obsidian Flames,Double Rare,,NM,05/07/2025,"FB, Caledonia",1.61,TCGPlayer,908E3,0.08733333333,0.09733333333,0.1053333333,0.4,-1.325333333
poke99,Vaporeon ex,23,Prismatic Evolutions,Double Rare,,NM,05/07/2025,"FB, Caledonia",1.61,TCGPlayer,908E3,0.08733333333,0.09733333333,0.1053333333,1.35,-0.3753333333
poke100,Hop,73,Champion's Path,UR,,NM,05/07/2025,"FB, Caledonia",1.61,TCGPlayer,908E3,0.08733333333,0.09733333333,0.1053333333,0.7,-1.025333333
poke101,Rose,189,Darkness Ablaze,UR,,NM,05/07/2025,"FB, Caledonia",1.61,TCGPlayer,C12C4,0.1190909091,0.1327272727,0.1627272727,0.85,-0.9363636364
poke102,Jirachi,119,Vivid Voltage,Amazing Rare,,NM,05/07/2025,"FB, Caledonia",1.61,TCGPlayer,058AC,0.1871428571,0.7728571429,0.7342857143,2.25,-0.68
poke103,Rayquaza,138,Vivid Voltage,Amazing Rare,,NM,05/07/2025,"FB, Caledonia",1.61,TCGPlayer,C8A52,1.31,1,1.37,7.05,4.38
poke104,Diancie,GG13,Crown Zenith,UR,,NM,05/07/2025,"FB, Caledonia",1.61,TCGPlayer,6115A,0.0655,0.28,0.1275,1.45,-0.502
poke105,Dunsparce,GG23,Crown Zenith,UR,,NM,05/07/2025,"FB, Caledonia",1.61,TCGPlayer,16CBC,0.05458333333,0.23,0.11625,1.15,-0.7516666667
poke106,Gardevoir,TG05,Astral Radiance Trainer Gallery,UR,,NM,05/07/2025,"FB, Caledonia",1.61,TCGPlayer,058AC,0.1871428571,0.7728571429,0.7342857143,2.6,-0.33
poke107,Stoutland,248,Cosmic Eclipse,Secret Rare,,LP,05/07/2025,"FB, Caledonia",1.61,TCGPlayer,16CBC,0.05458333333,0.23,0.11625,3.5,1.598333333
poke108,Swablu,GG27,Crown Zenith Galarian Gallery,UR,,NM,05/07/2025,"FB, Caledonia",1.61,TCGPlayer,142AA,0.3275,0.25,0.6575,1.9,-0.29
poke109,Archaludon,155,Stellar Crown,IR,,NM,05/07/2025,"FB, Caledonia",1.61,TCGPlayer,908E3,0.08733333333,0.09733333333,0.1053333333,1.3,-0.4253333333
poke110,Charjabug,169,Temporal Forces,IR,,NM,05/07/2025,"FB, Caledonia",1.61,TCGPlayer,8C568,1.31,1,0.86,3.15,0.99
poke111,Exeggcute,192,Surging Sparks,IR,,NM,05/07/2025,"FB, Caledonia",1.61,TCGPlayer,058AC,0.1871428571,0.7728571429,0.7342857143,4,1.07
poke112,Palafin,225,Paldean Fates,IR,,LP,05/07/2025,"FB, Caledonia",1.61,TCGPlayer,908E3,0.08733333333,0.09733333333,0.1053333333,0.8,-0.9253333333
poke113,Palafin,225,Paldean Fates,IR,,NM,05/07/2025,"FB, Caledonia",1.61,TCGPlayer,908E3,0.08733333333,0.09733333333,0.1053333333,0.85,-0.8753333333
poke114,Wugtrio,224,Paldean Fates,IR,,NM,05/07/2025,"FB, Caledonia",1.61,TCGPlayer,908E3,0.08733333333,0.09733333333,0.1053333333,0.45,-1.275333333
poke115,Big Charm,206,Rebel Clash,Secret Rare,,NM,05/07/2025,"FB, Caledonia",1.61,TCGPlayer,058AC,0.1871428571,0.7728571429,0.7342857143,1.8,-1.13
poke116,Big Charm,206,Rebel Clash,Secret Rare,,LP,05/07/2025,"FB, Caledonia",1.61,TCGPlayer,Unsold,1.31,0,0,,-0.3
poke117,Big Parasol,199,Darkness Ablaze,Secret Rare,,LP,05/07/2025,"FB, Caledonia",1.61,TCGPlayer,058AC,0.1871428571,0.7728571429,0.7342857143,1.75,-1.18
poke118,Suspicious Food Tin,80,Champion's Path,Secret Rare,,NM,05/07/2025,"FB, Caledonia",1.61,TCGPlayer,C5F12,1.31,1,0.65,1.48,-0.47
poke119,Charizard,25,Vivid Voltage,Rare,,LP,05/07/2025,"FB, Caledonia",1.61,TCGPlayer,C12C4,0.1190909091,0.1327272727,0.1627272727,0.6,-1.186363636
poke120,Charizard,25,Vivid Voltage,Rare,Reverse Holo,NM,05/07/2025,"FB, Caledonia",1.61,TCGPlayer,6FD80,0.03742857143,0.1485714286,0.052,1.65,-0.1231428571
poke121,Finizen,59,Twilight Masquerade,Cosmos Holo,,NM,05/07/2025,"FB, Caledonia",1.61,TCGPlayer,16CBC,0.05458333333,0.23,0.11625,0.15,-1.751666667
poke122,Hydreigon ,10,Mcdonalds 2024,Promo,,NM,05/07/2025,"FB, Caledonia",1.61,TCGPlayer,16CBC,0.05458333333,0.23,0.11625,0.25,-1.651666667
poke123,Misty's Water Command,63,Hidden Fates,Holo Rare,,NM,05/07/2025,"FB, Caledonia",1.61,TCGPlayer,908E3,0.08733333333,0.09733333333,0.1053333333,0.25,-1.475333333
poke124,Palafin,60,Twilight Masquerade,Cosmos Holo,,NM,05/07/2025,"FB, Caledonia",1.61,TCGPlayer,16CBC,0.05458333333,0.23,0.11625,0.1,-1.801666667
poke125,Pikachu,62,Paldea Evolved,Common,,NM,05/07/2025,"FB, Caledonia",1.61,TCGPlayer,16CBC,0.05458333333,0.23,0.11625,0.01,-1.891666667
poke126,Raging Bolt ,111,Stellar Crown,Rare,,NM,05/07/2025,"FB, Caledonia",1.61,TCGPlayer,16CBC,0.05458333333,0.23,0.11625,0.01,-1.891666667
poke127,Rayquaza,14,Mcdonalds 2024,Promo,,NM,05/07/2025,"FB, Caledonia",1.61,TCGPlayer,95CB3,0.2183333333,0.1666666667,0.145,0.01,-1.693333333
poke128,Bea,193,Vivid Voltage,Secret Rare,,NM,05/07/2025,"FB, Caledonia",1.61,TCGPlayer,Unsold,1.31,0,0,,-0.3
poke129,Korrina's Focus,174,Battle Styles,Secret Rare,,NM,05/07/2025,"FB, Caledonia",1.61,TCGPlayer,Unsold,1.31,0,0,,-0.3
poke130,Leon,182,Vivid Voltage,UR,,NM,05/07/2025,"FB, Caledonia",1.61,TCGPlayer,Unsold,1.31,0,0,,-0.3
poke131,Tulip,259,Paradox Rift,SIR,,NM,05/07/2025,"FB, Caledonia",1.61,TCGPlayer,Unsold,1.31,0,0,,-0.3
poke132,Pikachu ex,179,Prismatic Evolutions,Hyper Rare,,NM,05/07/2025,"FB, Caledonia",50,TCGPlayer,Unsold,1.31,0,0,,-48.69
poke133,Hearthflame Mask Ogerpon ex,148,Prismatic Evolutions,SIR,,NM,05/07/2025,"FB, Caledonia",25,TCGPlayer,Unsold,1.31,0,0,,-23.69
poke134,Squawkabilly ex,264,Paldea Evolved,SIR,,NM,05/07/2025,"FB, Caledonia",1.61,TCGPlayer,Unsold,1.31,0,0,,-0.3
poke135,Teal Mask Ogerpon ex,145,Prismatic Evolutions,SIR,,NM,05/07/2025,"FB, Caledonia",25,TCGPlayer,Unsold,1.31,0,0,,-23.69
poke136,Bulbasaur,143,Stellar Crown,IR,,NM,05/07/2025,"FB, Caledonia",50,TCGPlayer,Unsold,1.31,0,0,,-48.69
poke137,Drowzee,210,Scarlet & Violet Base,IR,,NM,05/07/2025,"FB, Caledonia",25,TCGPlayer,Unsold,1.31,0,0,,-23.69
poke138,Hisuian Growlithe,181,Twilight Masquerade,IR,,NM,05/07/2025,"FB, Caledonia",1.61,TCGPlayer,Unsold,1.31,0,0,,-0.3
poke139,Mismagius,212,Paldea Evolved,IR,,NM,05/07/2025,"FB, Caledonia",1.61,TCGPlayer,Unsold,1.31,0,0,,-0.3
poke140,Pidgey,207,Obsidian Flames,IR,,NM,05/07/2025,"FB, Caledonia",1.61,TCGPlayer,Unsold,1.31,0,0,,-0.3
poke141,Pikachu,27,SV Promo,Promo,,NM,05/07/2025,"FB, Caledonia",1.61,TCGPlayer,793C6,1.31,1,1.44,7.6,4.86
poke142,Flareon,TG01,Brilliant Stars Trainer Gallery,UR,,NM,05/07/2025,"FB, Caledonia",1.61,TCGPlayer,72F2E,0.655,0.5,0.84,8.65,6.355
poke143,Pikachu,160,Crown Zenith,Secret Rare,,NM,05/07/2025,"FB, Caledonia",1.61,TCGPlayer,Unsold,1.31,0,0,,-0.3
poke144,Blastoise ex,184,Scarlet & Violet 151,UR,,NM,05/07/2025,"FB, Caledonia",1.61,TCGPlayer,Unsold,1.31,0,0,,-0.3
poke145,Dragapult ex,200,Twilight Masquerade,UR,,NM,05/07/2025,"FB, Caledonia",1.61,TCGPlayer,Unsold,1.31,0,0,,-0.3
poke146,Gholdengo ex,231,Paradox Rift,UR,,NM,05/07/2025,"FB, Caledonia",1.61,TCGPlayer,Unsold,1.31,0,0,,-0.3
poke147,Mew ex,216,Paldean Fates,Shiny Ultra Rare,,NM,05/07/2025,"FB, Caledonia",1.61,TCGPlayer,6AAC4,1.31,1,2.48,15.6,11.82
poke148,Blaziken V,TG14,Silver Tempest Trainer Gallery,UR,,NM,05/07/2025,"FB, Caledonia",20,TCGPlayer,2B811,1.31,1,2.86,18.5,-4.05
poke149,Genesect V,255,Fushion Strike,UR,,NM,05/07/2025,"FB, Caledonia",20,TCGPlayer,058AC,0.1871428571,0.7728571429,0.7342857143,22,0.68
poke150,Inteleon VMAX,266,Fushion Strike,Secret Rare,,NM,05/07/2025,"FB, Caledonia",40,TCGPlayer,224A5,1.31,5.41,4.13,28.4,-19.83
poke151,Mew VMAX,TG30,Lost Origin,Secret Rare,,NM,05/07/2025,"FB, Caledonia",1.61,TCGPlayer,142AA,0.3275,0.25,0.6575,9.65,7.46
poke152,Dudunsparce (Master Ball Pattern),80,Prismatic Evolutions,Rare,,LP,05/07/2025,"FB, Caledonia",1.61,TCGPlayer,67022,0.4366666667,1.783333333,1.243333333,11.15,6.95
poke153,Flareon ex,14,Prismatic Evolutions,Double Rare,,NM,05/07/2025,"FB, Caledonia",1.61,TCGPlayer,E5720,0.655,0.5,0.93,7.1,4.715
poke154,Munkidori (Master Ball Pattern),44,Prismatic Evolutions,Rare,,NM,05/07/2025,"FB, Caledonia",1.61,TCGPlayer,67022,0.4366666667,1.783333333,1.243333333,11.65,7.45
poke155,Pupitar (Master Ball Pattern),48,Prismatic Evolutions,Common,,NM,05/07/2025,"FB, Caledonia",1.61,TCGPlayer,1AFF9,1.31,1,1.26,6.15,3.59
poke156,Amarys,132,Prismatic Evolutions,UR,,NM,05/07/2025,"FB, Caledonia",1.61,TCGPlayer,F5E70,0.08733333333,0.09733333333,0.088,0.39,-1.318
poke157,Atticus,133,Prismatic Evolutions,UR,,NM,05/07/2025,"FB, Caledonia",1.61,TCGPlayer,6115A,0.0655,0.28,0.1275,0.24,-1.712
poke158,Brassius,135,Prismatic Evolutions,UR,,LP,05/07/2025,"FB, Caledonia",1.61,TCGPlayer,6839F,0.655,0.5,0.385,0.6,-1.24
poke159,Ortega,141,Prismatic Evolutions,UR,,NM,05/07/2025,"FB, Caledonia",1.61,TCGPlayer,6115A,0.0655,0.28,0.1275,0.38,-1.572
poke160,Eri,136,Prismatic Evolutions,UR,,NM,05/07/2025,"FB, Caledonia",1.61,TCGPlayer,D3E9F,1.31,1,0.59,0.98,-0.91
poke161,Maximum Belt,117,Prismatic Evolutions,Ace Spec,,MP,05/07/2025,"FB, Caledonia",1.61,TCGPlayer,B2C03,1.31,1,0.5,0.25,-1.55
poke162,Max Rod,116,Prismatic Evolutions,Ace Spec,,NM,05/07/2025,"FB, Caledonia",1.61,TCGPlayer,95B1A,1.31,1,0.51,0.39,-1.42
poke163,Prime Catcher,119,Prismatic Evolutions,Ace Spec,,LP,05/07/2025,"FB, Caledonia",1.61,TCGPlayer,4D4D8,1.31,1,0.49,0.2,-1.59
poke164,Scoop Up Cyclone,128,Prismatic Evolutions,Ace Spec,,NM,05/07/2025,"FB, Caledonia",1.61,TCGPlayer,628B1,1.31,1,0.47,0.08,-1.69
poke165,Treasure Tracker,131,Prismatic Evolutions,Ace Spec,,NM,05/07/2025,"FB, Caledonia",1.61,TCGPlayer,6FD80,0.03742857143,0.1485714286,0.052,0.07,-1.703142857
poke166,Black Belt's Training (Poke Ball Pattern),97,Prismatic Evolutions,Common,,NM,05/07/2025,"FB, Caledonia",1.61,TCGPlayer,6FD80,0.03742857143,0.1485714286,0.052,0.17,-1.603142857
poke167,Ciphermaniac's Codebreaking (Poke Ball Pattern),104,Prismatic Evolutions,Uncommon,,NM,05/07/2025,"FB, Caledonia",1.61,TCGPlayer,6FD80,0.03742857143,0.1485714286,0.052,0.12,-1.653142857
poke168,Crispin (Poke Ball Pattern),105,Prismatic Evolutions,Uncommon,,NM,05/07/2025,"FB, Caledonia",1.61,TCGPlayer,F5E70,0.08733333333,0.09733333333,0.088,0.79,-0.918
poke169,Festival Grounds (Poke Ball Pattern),108,Prismatic Evolutions,Uncommon,,NM,05/07/2025,"FB, Caledonia",1.61,TCGPlayer,6FD80,0.03742857143,0.1485714286,0.052,0.07,-1.703142857
poke170,Friends in Paldea (Poke Ball Pattern),109,Prismatic Evolutions,Common,,NM,05/07/2025,"FB, Caledonia",1.61,TCGPlayer,6FD80,0.03742857143,0.1485714286,0.052,0.09,-1.683142857
poke171,Kieran (Poke Ball Pattern),113,Prismatic Evolutions,Uncommon,,NM,05/07/2025,"FB, Caledonia",1.61,TCGPlayer,F5E70,0.08733333333,0.09733333333,0.088,0.22,-1.488
poke172,Larry's Skill (Poke Ball Pattern),115,Prismatic Evolutions,Common,,NM,05/07/2025,"FB, Caledonia",1.61,TCGPlayer,6FD80,0.03742857143,0.1485714286,0.052,0.06,-1.713142857
poke173,Ogre's Mask (Poke Ball Pattern),118,Prismatic Evolutions,Uncommon,,NM,05/07/2025,"FB, Caledonia",1.61,TCGPlayer,6FD80,0.03742857143,0.1485714286,0.052,0.14,-1.633142857
poke174,Professor Sada's Vitality (Poke Ball Pattern),120,Prismatic Evolutions,Uncommon,,NM,05/07/2025,"FB, Caledonia",1.61,TCGPlayer,6FD80,0.03742857143,0.1485714286,0.052,0.17,-1.603142857
poke175,Professor's Research (Poke Ball Pattern),122,Prismatic Evolutions,Common,,MP,05/07/2025,"FB, Caledonia",1.61,TCGPlayer,84F25,1.31,1,0.58,0.5,-1.38
poke176,Professor's Research (Poke Ball Pattern),124,Prismatic Evolutions,Common,,LP,05/07/2025,"FB, Caledonia",1.61,TCGPlayer,6839F,0.655,0.5,0.385,0.15,-1.69
poke177,Roto-Stick (Poke Ball Pattern),127,Prismatic Evolutions,Common,,NM,05/07/2025,"FB, Caledonia",1.61,TCGPlayer,6FD80,0.03742857143,0.1485714286,0.052,0.13,-1.643142857
poke178,Techno Radar (Poke Ball Pattern),130,Prismatic Evolutions,Uncommon,,NM,05/07/2025,"FB, Caledonia",1.61,TCGPlayer,6FD80,0.03742857143,0.1485714286,0.052,0.14,-1.633142857
poke179,Cornerstone Mask Ogerpon ex,58,Prismatic Evolutions,Double Rare,,NM,05/07/2025,"FB, Caledonia",1.61,TCGPlayer,6115A,0.0655,0.28,0.1275,0.49,-1.462
poke180,Glaceon ex,26,Prismatic Evolutions,Double Rare,,NM,05/07/2025,"FB, Caledonia",1.61,TCGPlayer,6FD80,0.03742857143,0.1485714286,0.052,1.09,-0.6831428571
poke181,Hydrapple ex,11,Prismatic Evolutions,Double Rare,,NM,05/07/2025,"FB, Caledonia",1.61,TCGPlayer,F5E70,0.08733333333,0.09733333333,0.088,0.34,-1.368
poke182,Iron Thorns ex,32,Prismatic Evolutions,Double Rare,,NM,05/07/2025,"FB, Caledonia",1.61,TCGPlayer,F5E70,0.08733333333,0.09733333333,0.088,0.45,-1.258
poke183,Jolteon ex,30,Prismatic Evolutions,Double Rare,,NM,05/07/2025,"FB, Caledonia",1.61,TCGPlayer,6FD80,0.03742857143,0.1485714286,0.052,1.7,-0.07314285714
poke184,Leafeon ex,6,Prismatic Evolutions,Double Rare,,NM,05/07/2025,"FB, Caledonia",1.61,TCGPlayer,E5720,0.655,0.5,0.93,3.68,1.295
poke185,Lucario ex,51,Prismatic Evolutions,Double Rare,,NM,05/07/2025,"FB, Caledonia",1.61,TCGPlayer,6115A,0.0655,0.28,0.1275,0.36,-1.592
poke186,Lugia ex,82,Prismatic Evolutions,Double Rare,,NM,05/07/2025,"FB, Caledonia",1.61,TCGPlayer,6115A,0.0655,0.28,0.1275,0.72,-1.232
poke187,Noivern ex ,91,Prismatic Evolutions,Double Rare,,LP,05/07/2025,"FB, Caledonia",1.61,TCGPlayer,91350,1.31,1.75,1.03,0.4,-2.68
poke188,Pikachu ex,28,Prismatic Evolutions,Double Rare,,NM,05/07/2025,"FB, Caledonia",1.61,TCGPlayer,6115A,0.0655,0.28,0.1275,0.49,-1.462
poke189,Snorlax ex,76,Prismatic Evolutions,Double Rare,,NM,05/07/2025,"FB, Caledonia",1.61,TCGPlayer,6115A,0.0655,0.28,0.1275,0.89,-1.062
poke190,Teal Mask Ogerpon ex,12,Prismatic Evolutions,Double Rare,,NM,05/07/2025,"FB, Caledonia",1.61,TCGPlayer,F5E70,0.08733333333,0.09733333333,0.088,0.98,-0.728
poke191,Terapagos ex ,92,Prismatic Evolutions,Double Rare,,NM,05/07/2025,"FB, Caledonia",1.61,TCGPlayer,6115A,0.0655,0.28,0.1275,0.49,-1.462
poke192,Tyranitar ex,64,Prismatic Evolutions,Double Rare,,NM,05/07/2025,"FB, Caledonia",1.61,TCGPlayer,6FD80,0.03742857143,0.1485714286,0.052,0.23,-1.543142857
poke193,Vaporeon ex,23,Prismatic Evolutions,Double Rare,,NM,05/07/2025,"FB, Caledonia",1.61,TCGPlayer,6FD80,0.03742857143,0.1485714286,0.052,1.49,-0.2831428571
poke194,Buneary (Master Ball Pattern),83,Prismatic Evolutions,Common,,NM,05/07/2025,"FB, Caledonia",1.61,TCGPlayer,2E05E,0.4366666667,0.3333333333,0.3866666667,1.4,-0.4933333333
poke195,Heatran (Master Ball Pattern),68,Prismatic Evolutions,Uncommon,,NM,05/07/2025,"FB, Caledonia",1.61,TCGPlayer,2E05E,0.4366666667,0.3333333333,0.3866666667,1.15,-0.7433333333
poke196,Larvitar (Master Ball Pattern),47,Prismatic Evolutions,Common,,NM,05/07/2025,"FB, Caledonia",1.61,TCGPlayer,2E05E,0.4366666667,0.3333333333,0.3866666667,2.85,0.9566666667
poke197,Spritzee (Master Ball Pattern),38,Prismatic Evolutions,Common,,NM,05/07/2025,"FB, Caledonia",1.61,TCGPlayer,F5E70,0.08733333333,0.09733333333,0.088,1,-0.708
poke198,Archaludon (Poke Ball Pattern),70,Prismatic Evolutions,Rare,,NM,05/07/2025,"FB, Caledonia",1.61,TCGPlayer,6FD80,0.03742857143,0.1485714286,0.052,0.1,-1.673142857
poke199,Aromatisse (Poke Ball Pattern),39,Prismatic Evolutions,Common,,HP,05/07/2025,"FB, Caledonia",1.61,TCGPlayer,Unsold,1.31,0,0,0,-0.3
poke200,Bronzong (Poke Ball Pattern),67,Prismatic Evolutions,Uncommon,,NM,05/07/2025,"FB, Caledonia",1.61,TCGPlayer,6FD80,0.03742857143,0.1485714286,0.052,0.14,-1.633142857
poke201,Dusclops (Poke Ball Pattern),36,Prismatic Evolutions,Common,,LP,05/07/2025,"FB, Caledonia",1.61,TCGPlayer,A68A7,1.31,1,0.53,0.01,-1.82
poke202,Dusknoir (Poke Ball Pattern),37,Prismatic Evolutions,Rare,,NM,05/07/2025,"FB, Caledonia",1.61,TCGPlayer,6FD80,0.03742857143,0.1485714286,0.052,0.35,-1.423142857
poke203,Eevee (Poke Ball Pattern),74,Prismatic Evolutions,Common,,NM,05/07/2025,"FB, Caledonia",1.61,TCGPlayer,F5E70,0.08733333333,0.09733333333,0.088,0.9,-0.808
poke204,Exeggcute (Poke Ball Pattern),1,Prismatic Evolutions,Common,,NM,05/07/2025,"FB, Caledonia",1.61,TCGPlayer,6FD80,0.03742857143,0.1485714286,0.052,0.14,-1.633142857
poke205,Furfrou (Poke Ball Pattern),88,Prismatic Evolutions,Common,,NM,05/07/2025,"FB, Caledonia",1.61,TCGPlayer,F5E70,0.08733333333,0.09733333333,0.088,0.14,-1.568
poke206,Hawlucha (Poke Ball Pattern),89,Prismatic Evolutions,Uncommon,,NM,05/07/2025,"FB, Caledonia",1.61,TCGPlayer,6FD80,0.03742857143,0.1485714286,0.052,0.19,-1.583142857
poke207,Heatran (Poke Ball Pattern),68,Prismatic Evolutions,Uncommon,,NM,05/07/2025,"FB, Caledonia",1.61,TCGPlayer,F5E70,0.08733333333,0.09733333333,0.088,0.14,-1.568
poke208,Houndoom (Poke Ball Pattern),63,Prismatic Evolutions,Common,,NM,05/07/2025,"FB, Caledonia",1.61,TCGPlayer,F5E70,0.08733333333,0.09733333333,0.088,0.08,-1.628
poke209,Jolteon (Poke Ball Pattern),29,Prismatic Evolutions,Rare,,NM,05/07/2025,"FB, Caledonia",1.61,TCGPlayer,6FD80,0.03742857143,0.1485714286,0.052,0.95,-0.8231428571
poke210,Litleo (Poke Ball Pattern),15,Prismatic Evolutions,Common,,NM,05/07/2025,"FB, Caledonia",1.61,TCGPlayer,6FD80,0.03742857143,0.1485714286,0.052,0.15,-1.623142857
poke211,Lopunny (Poke Ball Pattern),84,Prismatic Evolutions,Common,,Damaged,05/07/2025,"FB, Caledonia",1.61,TCGPlayer,Unsold,1.31,0,0,0,-0.3
poke212,Miltank (Poke Ball Pattern),81,Prismatic Evolutions,Common,,NM,05/07/2025,"FB, Caledonia",1.61,TCGPlayer,F5E70,0.08733333333,0.09733333333,0.088,0.15,-1.558
poke213,Okidogi (Poke Ball Pattern),57,Prismatic Evolutions,Rare,,NM,05/07/2025,"FB, Caledonia",1.61,TCGPlayer,6FD80,0.03742857143,0.1485714286,0.052,0.1,-1.673142857
poke214,Pupitar (Poke Ball Pattern),48,Prismatic Evolutions,Common,,NM,05/07/2025,"FB, Caledonia",1.61,TCGPlayer,6FD80,0.03742857143,0.1485714286,0.052,0.05,-1.723142857
poke215,Pyroar (Poke Ball Pattern),16,Prismatic Evolutions,Uncommon,,NM,05/07/2025,"FB, Caledonia",1.61,TCGPlayer,6FD80,0.03742857143,0.1485714286,0.052,0.15,-1.623142857
poke216,Regigigas (Poke Ball Pattern),86,Prismatic Evolutions,Uncommon,,NM,05/07/2025,"FB, Caledonia",1.61,TCGPlayer,6FD80,0.03742857143,0.1485714286,0.052,0.2,-1.573142857
poke217,Seaking (Poke Ball Pattern),21,Prismatic Evolutions,Uncommon,,NM,05/07/2025,"FB, Caledonia",1.61,TCGPlayer,F5E70,0.08733333333,0.09733333333,0.088,0.05,-1.658
poke218,Shaymin (Poke Ball Pattern),87,Prismatic Evolutions,Uncommon,,NM,05/07/2025,"FB, Caledonia",1.61,TCGPlayer,F5E70,0.08733333333,0.09733333333,0.088,0.15,-1.558
poke219,Slowpoke (Poke Ball Pattern),18,Prismatic Evolutions,Common,,NM,05/07/2025,"FB, Caledonia",1.61,TCGPlayer,6FD80,0.03742857143,0.1485714286,0.052,0.25,-1.523142857
poke220,Sneasel (Poke Ball Pattern),61,Prismatic Evolutions,Common,,NM,05/07/2025,"FB, Caledonia",1.61,TCGPlayer,6FD80,0.03742857143,0.1485714286,0.052,0.15,-1.623142857
poke221,Vaporeon (Poke Ball Pattern),22,Prismatic Evolutions,Rare ,,NM,05/07/2025,"FB, Caledonia",1.61,TCGPlayer,F5E70,0.08733333333,0.09733333333,0.088,0.85,-0.858
poke222,Basic Water Energy (Holo),11,Stellar Crown,Common,,NM,05/07/2025,"FB, Caledonia",1.61,TCGPlayer,6FD80,0.03742857143,0.1485714286,0.052,0.01,-1.763142857
poke223,Basic Fire Energy (Holo),10,Stellar Crown,Common,,NM,05/07/2025,"FB, Caledonia",1.61,TCGPlayer,6FD80,0.03742857143,0.1485714286,0.052,0.05,-1.723142857
poke224,Basic Metal Energy (Holo),16,Stellar Crown,Common,,NM,05/07/2025,"FB, Caledonia",1.61,TCGPlayer,6FD80,0.03742857143,0.1485714286,0.052,0.01,-1.763142857
poke225,Basic Fighting Energy (Holo),14,Stellar Crown,Common,,NM,05/07/2025,"FB, Caledonia",1.61,TCGPlayer,6FD80,0.03742857143,0.1485714286,0.052,0.01,-1.763142857
poke226,Basic Grass Energy (Holo),9,Stellar Crown,Common,,NM,05/07/2025,"FB, Caledonia",1.61,TCGPlayer,6FD80,0.03742857143,0.1485714286,0.052,0.02,-1.753142857
poke227,Basic Lightning Energy (Holo),12,Stellar Crown,Common,,NM,05/07/2025,"FB, Caledonia",1.61,TCGPlayer,6FD80,0.03742857143,0.1485714286,0.052,0.03,-1.743142857
poke228,Basic Psychic Energy (Holo),13,Stellar Crown,Common,,NM,05/07/2025,"FB, Caledonia",1.61,TCGPlayer,6FD80,0.03742857143,0.1485714286,0.052,0.04,-1.733142857
poke229,Amarys,93,Prismatic Evolutions,Common,,,05/07/2025,"FB, Caledonia",1.61,TCGPlayer,Unsold,1.31,0,0,0,-0.3
poke230,Amarys,93,Prismatic Evolutions,Common,Reverse Holo,,05/07/2025,"FB, Caledonia",1.61,TCGPlayer,Unsold,1.31,0,0,0,-0.3
poke231,Area Zero Underdepths,94,Prismatic Evolutions,Uncommon,,,05/07/2025,"FB, Caledonia",1.61,TCGPlayer,Unsold,1.31,0,0,0,-0.3
poke232,Area Zero Underdepths,94,Prismatic Evolutions,Uncommon,Reverse Holo,,05/07/2025,"FB, Caledonia",1.61,TCGPlayer,Unsold,1.31,0,0,0,-0.3
poke233,Buddy-Buddy Poffin,101,Prismatic Evolutions,Uncommon,,,05/07/2025,"FB, Caledonia",1.61,TCGPlayer,Unsold,1.31,0,0,0,-0.3
poke234,Bug Catching Set,102,Prismatic Evolutions,Uncommon,,,05/07/2025,"FB, Caledonia",1.61,TCGPlayer,Unsold,1.31,0,0,0,-0.3
poke235,Binding Mochi,95,Prismatic Evolutions,Uncommon,,,05/07/2025,"FB, Caledonia",1.61,TCGPlayer,Unsold,1.31,0,0,0,-0.3
poke236,Binding Mochi,95,Prismatic Evolutions,Uncommon,Reverse Holo,,05/07/2025,"FB, Caledonia",1.61,TCGPlayer,Unsold,1.31,0,0,0,-0.3
poke237,Black Belt's Training,96,Prismatic Evolutions,Common,,,05/07/2025,"FB, Caledonia",1.61,TCGPlayer,Unsold,1.31,0,0,0,-0.3
poke238,Black Belt's Training,97,Prismatic Evolutions,Common,Reverse Holo,,05/07/2025,"FB, Caledonia",1.61,TCGPlayer,Unsold,1.31,0,0,0,-0.3
poke239,Black Belt's Training,98,Prismatic Evolutions,Common,,,05/07/2025,"FB, Caledonia",1.61,TCGPlayer,Unsold,1.31,0,0,0,-0.3
poke240,Black Belt's Training,98,Prismatic Evolutions,Common,Reverse Holo,,05/07/2025,"FB, Caledonia",1.61,TCGPlayer,Unsold,1.31,0,0,0,-0.3
poke241,Black Belt's Training,99,Prismatic Evolutions,Common,,,05/07/2025,"FB, Caledonia",1.61,TCGPlayer,Unsold,1.31,0,0,0,-0.3
poke242,Black Belt's Training,99,Prismatic Evolutions,Common,Reverse Holo,,05/07/2025,"FB, Caledonia",1.61,TCGPlayer,Unsold,1.31,0,0,0,-0.3
poke243,Briar,100,Prismatic Evolutions,Uncommon,,,05/07/2025,"FB, Caledonia",1.61,TCGPlayer,Unsold,1.31,0,0,0,-0.3
poke244,Carmine,103,Prismatic Evolutions,Uncommon,,,05/07/2025,"FB, Caledonia",1.61,TCGPlayer,Unsold,1.31,0,0,0,-0.3
poke245,Ciphermaniac's Codebreaking,104,Prismatic Evolutions,Uncommon,,,05/07/2025,"FB, Caledonia",1.61,TCGPlayer,Unsold,1.31,0,0,0,-0.3
poke246,Ciphermaniac's Codebreaking,104,Prismatic Evolutions,Uncommon,Reverse Holo,,05/07/2025,"FB, Caledonia",1.61,TCGPlayer,Unsold,1.31,0,0,0,-0.3
poke247,Crispin,105,Prismatic Evolutions,Uncommon,,,05/07/2025,"FB, Caledonia",1.61,TCGPlayer,Unsold,1.31,0,0,0,-0.3
poke248,Earthen Vessel,106,Prismatic Evolutions,Uncommon,,,05/07/2025,"FB, Caledonia",1.61,TCGPlayer,Unsold,1.31,0,0,0,-0.3
poke249,Explorer's Guidance,107,Prismatic Evolutions,Uncommon,,,05/07/2025,"FB, Caledonia",1.61,TCGPlayer,Unsold,1.31,0,0,0,-0.3
poke250,Explorer's Guidance,107,Prismatic Evolutions,Uncommon,Reverse Holo,,05/07/2025,"FB, Caledonia",1.61,TCGPlayer,Unsold,1.31,0,0,0,-0.3
poke251,Festival Grounds,108,Prismatic Evolutions,Uncommon,,,05/07/2025,"FB, Caledonia",1.61,TCGPlayer,Unsold,1.31,0,0,0,-0.3
poke252,Friends in Paldea,109,Prismatic Evolutions,Common,,,05/07/2025,"FB, Caledonia",1.61,TCGPlayer,Unsold,1.31,0,0,0,-0.3
poke253,Friends in Paldea,109,Prismatic Evolutions,Common,Reverse Holo,,05/07/2025,"FB, Caledonia",1.61,TCGPlayer,Unsold,1.31,0,0,0,-0.3
poke254,Glass Trumpet,110,Prismatic Evolutions,Uncommon,,,05/07/2025,"FB, Caledonia",1.61,TCGPlayer,Unsold,1.31,0,0,0,-0.3
poke255,Glass Trumpet,110,Prismatic Evolutions,Uncommon,Reverse Holo,,05/07/2025,"FB, Caledonia",1.61,TCGPlayer,Unsold,1.31,0,0,0,-0.3
poke256,Haban Berry,111,Prismatic Evolutions,Common,,,05/07/2025,"FB, Caledonia",1.61,TCGPlayer,Unsold,1.31,0,0,0,-0.3
poke257,Janine's Secret Art,112,Prismatic Evolutions,Uncommon,,,05/07/2025,"FB, Caledonia",1.61,TCGPlayer,Unsold,1.31,0,0,0,-0.3
poke258,Janine's Secret Art,112,Prismatic Evolutions,Uncommon,Reverse Holo,,05/07/2025,"FB, Caledonia",1.61,TCGPlayer,Unsold,1.31,0,0,0,-0.3
poke259,Kieran,113,Prismatic Evolutions,Uncommon,,,05/07/2025,"FB, Caledonia",1.61,TCGPlayer,Unsold,1.31,0,0,0,-0.3
poke260,Lacey,114,Prismatic Evolutions,Uncommon,,,05/07/2025,"FB, Caledonia",1.61,TCGPlayer,Unsold,1.31,0,0,0,-0.3
poke261,Lacey,114,Prismatic Evolutions,Uncommon,Reverse Holo,,05/07/2025,"FB, Caledonia",1.61,TCGPlayer,Unsold,1.31,0,0,0,-0.3
poke262,Larry's Skill,115,Prismatic Evolutions,Common,,,05/07/2025,"FB, Caledonia",1.61,TCGPlayer,Unsold,1.31,0,0,0,-0.3
poke263,Ogre's Mask,118,Prismatic Evolutions,Uncommon,,,05/07/2025,"FB, Caledonia",1.61,TCGPlayer,Unsold,1.31,0,0,0,-0.3
poke264,Ogre's Mask,118,Prismatic Evolutions,Uncommon,Reverse Holo,,05/07/2025,"FB, Caledonia",1.61,TCGPlayer,Unsold,1.31,0,0,0,-0.3
poke265,Professor Sada's Vitality,120,Prismatic Evolutions,Uncommon,Reverse Holo,,05/07/2025,"FB, Caledonia",1.61,TCGPlayer,Unsold,1.31,0,0,0,-0.3
poke266,Professor's Research,122,Prismatic Evolutions,Common,,,05/07/2025,"FB, Caledonia",1.61,TCGPlayer,Unsold,1.31,0,0,0,-0.3
poke267,Professor's Research,122,Prismatic Evolutions,Common,Reverse Holo,,05/07/2025,"FB, Caledonia",1.61,TCGPlayer,Unsold,1.31,0,0,0,-0.3
poke268,Professor's Research,123,Prismatic Evolutions,Common,,,05/07/2025,"FB, Caledonia",1.61,TCGPlayer,Unsold,1.31,0,0,0,-0.3
poke269,Professor's Research,125,Prismatic Evolutions,Common,,,05/07/2025,"FB, Caledonia",1.61,TCGPlayer,Unsold,1.31,0,0,0,-0.3
poke270,Professor Turo's Scenario,121,Prismatic Evolutions,Uncommon,,,05/07/2025,"FB, Caledonia",1.61,TCGPlayer,Unsold,1.31,0,0,0,-0.3
poke271,Rescue Board,126,Prismatic Evolutions,Uncommon,,,05/07/2025,"FB, Caledonia",1.61,TCGPlayer,Unsold,1.31,0,0,0,-0.3
poke272,Techno Radar,130,Prismatic Evolutions,Uncommon,,,05/07/2025,"FB, Caledonia",1.61,TCGPlayer,Unsold,1.31,0,0,0,-0.3
poke273,Techno Radar,130,Prismatic Evolutions,Uncommon,Reverse Holo,,05/07/2025,"FB, Caledonia",1.61,TCGPlayer,Unsold,1.31,0,0,0,-0.3
poke274,Applin,9,Prismatic Evolutions,Common,,,05/07/2025,"FB, Caledonia",1.61,TCGPlayer,Unsold,1.31,0,0,0,-0.3
poke275,Applin,9,Prismatic Evolutions,Common,Reverse Holo,,05/07/2025,"FB, Caledonia",1.61,TCGPlayer,Unsold,1.31,0,0,0,-0.3
poke276,Archaludon,70,Prismatic Evolutions,Rare,,,05/07/2025,"FB, Caledonia",1.61,TCGPlayer,Unsold,1.31,0,0,0,-0.3
poke277,Archaludon,70,Prismatic Evolutions,Rare,Reverse Holo,,05/07/2025,"FB, Caledonia",1.61,TCGPlayer,Unsold,1.31,0,0,0,-0.3
poke278,Aromatisse,39,Prismatic Evolutions,Common,,,05/07/2025,"FB, Caledonia",1.61,TCGPlayer,Unsold,1.31,0,0,0,-0.3
poke279,Bloodmoon Ursaluna,54,Prismatic Evolutions,Rare,,,05/07/2025,"FB, Caledonia",1.61,TCGPlayer,Unsold,1.31,0,0,0,-0.3
poke280,Bronzong,67,Prismatic Evolutions,Uncommon,,,05/07/2025,"FB, Caledonia",1.61,TCGPlayer,Unsold,1.31,0,0,0,-0.3
poke281,Bronzor,66,Prismatic Evolutions,Common,,,05/07/2025,"FB, Caledonia",1.61,TCGPlayer,Unsold,1.31,0,0,0,-0.3
poke282,Bronzor,66,Prismatic Evolutions,Common,Reverse Holo,,05/07/2025,"FB, Caledonia",1.61,TCGPlayer,Unsold,1.31,0,0,0,-0.3
poke283,Budew,4,Prismatic Evolutions,Common,,,05/07/2025,"FB, Caledonia",1.61,TCGPlayer,Unsold,1.31,0,0,0,-0.3
poke284,Budew,4,Prismatic Evolutions,Common,Reverse Holo,,05/07/2025,"FB, Caledonia",1.61,TCGPlayer,Unsold,1.31,0,0,0,-0.3
poke285,Buneary,83,Prismatic Evolutions,Common,,,05/07/2025,"FB, Caledonia",1.61,TCGPlayer,Unsold,1.31,0,0,0,-0.3
poke286,Buneary,83,Prismatic Evolutions,Common,Reverse Holo,,05/07/2025,"FB, Caledonia",1.61,TCGPlayer,Unsold,1.31,0,0,0,-0.3
poke287,Cottonee,7,Prismatic Evolutions,Common,,,05/07/2025,"FB, Caledonia",1.61,TCGPlayer,Unsold,1.31,0,0,0,-0.3
poke288,Cottonee,7,Prismatic Evolutions,Common,Reverse Holo,,05/07/2025,"FB, Caledonia",1.61,TCGPlayer,Unsold,1.31,0,0,0,-0.3
poke289,Dipplin,10,Prismatic Evolutions,Uncommon,,,05/07/2025,"FB, Caledonia",1.61,TCGPlayer,Unsold,1.31,0,0,0,-0.3
poke290,Drakloak,72,Prismatic Evolutions,Common,,,05/07/2025,"FB, Caledonia",1.61,TCGPlayer,Unsold,1.31,0,0,0,-0.3
poke291,Dreepy,71,Prismatic Evolutions,Common,,,05/07/2025,"FB, Caledonia",1.61,TCGPlayer,Unsold,1.31,0,0,0,-0.3
poke292,Dreepy,71,Prismatic Evolutions,Common,Reverse Holo,,05/07/2025,"FB, Caledonia",1.61,TCGPlayer,Unsold,1.31,0,0,0,-0.3
poke293,Dudunsparce,80,Prismatic Evolutions,Rare,,,05/07/2025,"FB, Caledonia",1.61,TCGPlayer,Unsold,1.31,0,0,0,-0.3
poke294,Dunsparce,79,Prismatic Evolutions,Common,,,05/07/2025,"FB, Caledonia",1.61,TCGPlayer,Unsold,1.31,0,0,0,-0.3
poke295,Dunsparce,79,Prismatic Evolutions,Common,Reverse Holo,,05/07/2025,"FB, Caledonia",1.61,TCGPlayer,Unsold,1.31,0,0,0,-0.3
poke296,Duraludon,69,Prismatic Evolutions,Common,,,05/07/2025,"FB, Caledonia",1.61,TCGPlayer,Unsold,1.31,0,0,0,-0.3
poke297,Duraludon,69,Prismatic Evolutions,Common,Reverse Holo,,05/07/2025,"FB, Caledonia",1.61,TCGPlayer,Unsold,1.31,0,0,0,-0.3
poke298,Dusclops,36,Prismatic Evolutions,Common,,,05/07/2025,"FB, Caledonia",1.61,TCGPlayer,Unsold,1.31,0,0,0,-0.3
poke299,Dusclops,36,Prismatic Evolutions,Common,Reverse Holo,,05/07/2025,"FB, Caledonia",1.61,TCGPlayer,Unsold,1.31,0,0,0,-0.3
poke300,Dusknoir,37,Prismatic Evolutions,Rare,,,05/07/2025,"FB, Caledonia",1.61,TCGPlayer,Unsold,1.31,0,0,0,-0.3
poke301,Duskull,35,Prismatic Evolutions,Common,,,05/07/2025,"FB, Caledonia",1.61,TCGPlayer,Unsold,1.31,0,0,0,-0.3
poke302,Eevee,74,Prismatic Evolutions,Common,,,05/07/2025,"FB, Caledonia",1.61,TCGPlayer,Unsold,1.31,0,0,0,-0.3
poke303,Eevee,74,Prismatic Evolutions,Common,Reverse Holo,,05/07/2025,"FB, Caledonia",1.61,TCGPlayer,Unsold,1.31,0,0,0,-0.3
poke304,Espeon,33,Prismatic Evolutions,Rare,,,05/07/2025,"FB, Caledonia",1.61,TCGPlayer,Unsold,1.31,0,0,0,-0.3
poke305,Exeggcute,1,Prismatic Evolutions,Common,,,05/07/2025,"FB, Caledonia",1.61,TCGPlayer,Unsold,1.31,0,0,0,-0.3
poke306,Exeggcute,1,Prismatic Evolutions,Common,Reverse Holo,,05/07/2025,"FB, Caledonia",1.61,TCGPlayer,Unsold,1.31,0,0,0,-0.3
poke307,Exeggutor,2,Prismatic Evolutions,Uncommon,,,05/07/2025,"FB, Caledonia",1.61,TCGPlayer,Unsold,1.31,0,0,0,-0.3
poke308,Exeggutor,2,Prismatic Evolutions,Uncommon,Reverse Holo,,05/07/2025,"FB, Caledonia",1.61,TCGPlayer,Unsold,1.31,0,0,0,-0.3
poke309,Fan Rotom,85,Prismatic Evolutions,Common,Reverse Holo,,05/07/2025,"FB, Caledonia",1.61,TCGPlayer,Unsold,1.31,0,0,0,-0.3
poke310,Fezandipiti,45,Prismatic Evolutions,Rare,,,05/07/2025,"FB, Caledonia",1.61,TCGPlayer,Unsold,1.31,0,0,0,-0.3
poke311,Flareon,13,Prismatic Evolutions,Rare,,,05/07/2025,"FB, Caledonia",1.61,TCGPlayer,Unsold,1.31,0,0,0,-0.3
poke312,Flutter Mane,43,Prismatic Evolutions,Rare,,,05/07/2025,"FB, Caledonia",1.61,TCGPlayer,Unsold,1.31,0,0,0,-0.3
poke313,Furfrou,88,Prismatic Evolutions,Common,,,05/07/2025,"FB, Caledonia",1.61,TCGPlayer,Unsold,1.31,0,0,0,-0.3
poke314,Glaceon,25,Prismatic Evolutions,Rare,,,05/07/2025,"FB, Caledonia",1.61,TCGPlayer,Unsold,1.31,0,0,0,-0.3
poke315,Glaceon,25,Prismatic Evolutions,Rare,Reverse Holo,,05/07/2025,"FB, Caledonia",1.61,TCGPlayer,Unsold,1.31,0,0,0,-0.3
poke316,Goldeen,20,Prismatic Evolutions,Common,,,05/07/2025,"FB, Caledonia",1.61,TCGPlayer,Unsold,1.31,0,0,0,-0.3
poke317,Goldeen,20,Prismatic Evolutions,Common,Reverse Holo,,05/07/2025,"FB, Caledonia",1.61,TCGPlayer,Unsold,1.31,0,0,0,-0.3
poke318,Great Tusk,55,Prismatic Evolutions,Uncommon,,,05/07/2025,"FB, Caledonia",1.61,TCGPlayer,Unsold,1.31,0,0,0,-0.3
poke319,Groudon,49,Prismatic Evolutions,Rare,,,05/07/2025,"FB, Caledonia",1.61,TCGPlayer,Unsold,1.31,0,0,0,-0.3
poke320,Hawlucha,89,Prismatic Evolutions,Uncommon,,,05/07/2025,"FB, Caledonia",1.61,TCGPlayer,Unsold,1.31,0,0,0,-0.3
poke321,Heatran,68,Prismatic Evolutions,Uncommon,,,05/07/2025,"FB, Caledonia",1.61,TCGPlayer,Unsold,1.31,0,0,0,-0.3
poke322,Hippopotas,52,Prismatic Evolutions,Common,,,05/07/2025,"FB, Caledonia",1.61,TCGPlayer,Unsold,1.31,0,0,0,-0.3
poke323,Hippopotas,52,Prismatic Evolutions,Common,Reverse Holo,,05/07/2025,"FB, Caledonia",1.61,TCGPlayer,Unsold,1.31,0,0,0,-0.3
poke324,Hippowdon,53,Prismatic Evolutions,Common,,,05/07/2025,"FB, Caledonia",1.61,TCGPlayer,Unsold,1.31,0,0,0,-0.3
poke325,Hippowdon,53,Prismatic Evolutions,Common,Reverse Holo,,05/07/2025,"FB, Caledonia",1.61,TCGPlayer,Unsold,1.31,0,0,0,-0.3
poke326,Hoothoot,77,Prismatic Evolutions,Common,,,05/07/2025,"FB, Caledonia",1.61,TCGPlayer,Unsold,1.31,0,0,0,-0.3
poke327,Houndoom,63,Prismatic Evolutions,Common,,,05/07/2025,"FB, Caledonia",1.61,TCGPlayer,Unsold,1.31,0,0,0,-0.3
poke328,Houndour,62,Prismatic Evolutions,Common,,,05/07/2025,"FB, Caledonia",1.61,TCGPlayer,Unsold,1.31,0,0,0,-0.3
poke329,Iron Boulder,46,Prismatic Evolutions,Rare,,,05/07/2025,"FB, Caledonia",1.61,TCGPlayer,Unsold,1.31,0,0,0,-0.3
poke330,Jolteon,29,Prismatic Evolutions,Rare,,,05/07/2025,"FB, Caledonia",1.61,TCGPlayer,Unsold,1.31,0,0,0,-0.3
poke331,Jolteon,29,Prismatic Evolutions,Rare,Reverse Holo,,05/07/2025,"FB, Caledonia",1.61,TCGPlayer,Unsold,1.31,0,0,0,-0.3
poke332,Larvitar,47,Prismatic Evolutions,Common,,,05/07/2025,"FB, Caledonia",1.61,TCGPlayer,Unsold,1.31,0,0,0,-0.3
poke333,Leafeon,5,Prismatic Evolutions,Rare,,,05/07/2025,"FB, Caledonia",1.61,TCGPlayer,Unsold,1.31,0,0,0,-0.3
poke334,Leafeon,5,Prismatic Evolutions,Rare,Reverse Holo,,05/07/2025,"FB, Caledonia",1.61,TCGPlayer,Unsold,1.31,0,0,0,-0.3
poke335,Litleo,15,Prismatic Evolutions,Common,,,05/07/2025,"FB, Caledonia",1.61,TCGPlayer,Unsold,1.31,0,0,0,-0.3
poke336,Lopunny,84,Prismatic Evolutions,Common,,,05/07/2025,"FB, Caledonia",1.61,TCGPlayer,Unsold,1.31,0,0,0,-0.3
poke337,Lopunny,84,Prismatic Evolutions,Common,Reverse Holo,,05/07/2025,"FB, Caledonia",1.61,TCGPlayer,Unsold,1.31,0,0,0,-0.3
poke338,Miltank,81,Prismatic Evolutions,Common,,,05/07/2025,"FB, Caledonia",1.61,TCGPlayer,Unsold,1.31,0,0,0,-0.3
poke339,Miltank,81,Prismatic Evolutions,Common,Reverse Holo,,05/07/2025,"FB, Caledonia",1.61,TCGPlayer,Unsold,1.31,0,0,0,-0.3
poke340,Munkidori,44,Prismatic Evolutions,Rare,,,05/07/2025,"FB, Caledonia",1.61,TCGPlayer,Unsold,1.31,0,0,0,-0.3
poke341,Munkidori,44,Prismatic Evolutions,Rare,Reverse Holo,,05/07/2025,"FB, Caledonia",1.61,TCGPlayer,Unsold,1.31,0,0,0,-0.3
poke342,Noctowl,78,Prismatic Evolutions,Rare,,,05/07/2025,"FB, Caledonia",1.61,TCGPlayer,Unsold,1.31,0,0,0,-0.3
poke343,Noctowl,78,Prismatic Evolutions,Rare,Reverse Holo,,05/07/2025,"FB, Caledonia",1.61,TCGPlayer,Unsold,1.31,0,0,0,-0.3
poke344,Noibat,90,Prismatic Evolutions,Common,,,05/07/2025,"FB, Caledonia",1.61,TCGPlayer,Unsold,1.31,0,0,0,-0.3
poke345,Noibat,90,Prismatic Evolutions,Common,Reverse Holo,,05/07/2025,"FB, Caledonia",1.61,TCGPlayer,Unsold,1.31,0,0,0,-0.3
poke346,Okidogi,57,Prismatic Evolutions,Rare,,,05/07/2025,"FB, Caledonia",1.61,TCGPlayer,Unsold,1.31,0,0,0,-0.3
poke347,Okidogi,57,Prismatic Evolutions,Rare,Reverse Holo,,05/07/2025,"FB, Caledonia",1.61,TCGPlayer,Unsold,1.31,0,0,0,-0.3
poke348,Pinsir,3,Prismatic Evolutions,Common,,,05/07/2025,"FB, Caledonia",1.61,TCGPlayer,Unsold,1.31,0,0,0,-0.3
poke349,Pupitar,48,Prismatic Evolutions,Common,Reverse Holo,,05/07/2025,"FB, Caledonia",1.61,TCGPlayer,Unsold,1.31,0,0,0,-0.3
poke350,Pyroar,16,Prismatic Evolutions,Uncommon,,,05/07/2025,"FB, Caledonia",1.61,TCGPlayer,Unsold,1.31,0,0,0,-0.3
poke351,Pyroar,16,Prismatic Evolutions,Uncommon,Reverse Holo,,05/07/2025,"FB, Caledonia",1.61,TCGPlayer,Unsold,1.31,0,0,0,-0.3
poke352,Regigigas,86,Prismatic Evolutions,Uncommon,,,05/07/2025,"FB, Caledonia",1.61,TCGPlayer,Unsold,1.31,0,0,0,-0.3
poke353,Regigigas,86,Prismatic Evolutions,Uncommon,Reverse Holo,,05/07/2025,"FB, Caledonia",1.61,TCGPlayer,Unsold,1.31,0,0,0,-0.3
poke354,Riolu,50,Prismatic Evolutions,Common,,,05/07/2025,"FB, Caledonia",1.61,TCGPlayer,Unsold,1.31,0,0,0,-0.3
poke355,Riolu,50,Prismatic Evolutions,Common,Reverse Holo,,05/07/2025,"FB, Caledonia",1.61,TCGPlayer,Unsold,1.31,0,0,0,-0.3
poke356,Roaring Moon,65,Prismatic Evolutions,Rare,Reverse Holo,,05/07/2025,"FB, Caledonia",1.61,TCGPlayer,Unsold,1.31,0,0,0,-0.3
poke357,Scream Tail,42,Prismatic Evolutions,Uncommon,,,05/07/2025,"FB, Caledonia",1.61,TCGPlayer,Unsold,1.31,0,0,0,-0.3
poke358,Scream Tail,42,Prismatic Evolutions,Uncommon,Reverse Holo,,05/07/2025,"FB, Caledonia",1.61,TCGPlayer,Unsold,1.31,0,0,0,-0.3
poke359,Shaymin,87,Prismatic Evolutions,Uncommon,,,05/07/2025,"FB, Caledonia",1.61,TCGPlayer,Unsold,1.31,0,0,0,-0.3
poke360,Slowking,19,Prismatic Evolutions,Uncommon,,,05/07/2025,"FB, Caledonia",1.61,TCGPlayer,Unsold,1.31,0,0,0,-0.3
poke361,Slowpoke,18,Prismatic Evolutions,Common,,,05/07/2025,"FB, Caledonia",1.61,TCGPlayer,Unsold,1.31,0,0,0,-0.3
poke362,Sneasel,61,Prismatic Evolutions,Common,,,05/07/2025,"FB, Caledonia",1.61,TCGPlayer,Unsold,1.31,0,0,0,-0.3
poke363,Sneasel,61,Prismatic Evolutions,Common,Reverse Holo,,05/07/2025,"FB, Caledonia",1.61,TCGPlayer,Unsold,1.31,0,0,0,-0.3
poke364,Spritzee,38,Prismatic Evolutions,Common,,,05/07/2025,"FB, Caledonia",1.61,TCGPlayer,Unsold,1.31,0,0,0,-0.3
poke365,Spritzee,38,Prismatic Evolutions,Common,Reverse Holo,,05/07/2025,"FB, Caledonia",1.61,TCGPlayer,Unsold,1.31,0,0,0,-0.3
poke366,Suicune,24,Prismatic Evolutions,Uncommon,,,05/07/2025,"FB, Caledonia",1.61,TCGPlayer,Unsold,1.31,0,0,0,-0.3
poke367,Sylveon,40,Prismatic Evolutions,Rare,,,05/07/2025,"FB, Caledonia",1.61,TCGPlayer,Unsold,1.31,0,0,0,-0.3
poke368,Sylveon,40,Prismatic Evolutions,Rare,Reverse Holo,,05/07/2025,"FB, Caledonia",1.61,TCGPlayer,Unsold,1.31,0,0,0,-0.3
poke369,Umbreon,59,Prismatic Evolutions,Rare,,,05/07/2025,"FB, Caledonia",1.61,TCGPlayer,Unsold,1.31,0,0,0,-0.3
poke370,Vaporeon,22,Prismatic Evolutions,Rare,Reverse Holo ,,05/07/2025,"FB, Caledonia",1.61,TCGPlayer,Unsold,1.31,0,0,0,-0.3
poke371,Vaporeon,22,Prismatic Evolutions,Rare,Reverse Holo ,,05/07/2025,"FB, Caledonia",1.61,TCGPlayer,Unsold,1.31,0,0,0,-0.3
poke372,Whimsicott,8,Prismatic Evolutions,Rare,Reverse Holo ,,05/07/2025,"FB, Caledonia",1.61,TCGPlayer,Unsold,1.31,0,0,0,-0.3
poke373,Chili & Cilan & Cress,258,Fushion Strike,Ultra Rare,,NM,08/08/2025,"FB, Aurora",6.1,TCGPlayer,1BABD,1.31,1,0.66,0.9,-5.55
poke374,Atticus,133,Prismatic Evolutions,Ultra Rare,,NM,08/08/2025,"FB, Aurora",6.1,TCGPlayer,16CBC,0.05458333333,0.23,0.11625,0.25,-6.141666667
poke375,Atticus,134,Prismatic Evolutions,Ultra Rare,,NM,08/08/2025,"FB, Aurora",6.1,TCGPlayer,C12C4,0.1190909091,0.1327272727,0.1627272727,0.2,-6.076363636
poke376,Friends in Paldea,137,Prismatic Evolutions,Ultra Rare,,NM,08/08/2025,"FB, Aurora",6.1,TCGPlayer,C12C4,0.1190909091,0.1327272727,0.1627272727,0.6,-5.676363636
poke377,Paldean Student,231,Paldean Fates,Ultra Rare,,NM,08/08/2025,"FB, Aurora",6.1,TCGPlayer,16CBC,0.05458333333,0.23,0.11625,0.3,-6.091666667
poke378,Raifort,142,Prismatic Evolutions,Ultra Rare,,NM,08/08/2025,"FB, Aurora",6.1,TCGPlayer,16CBC,0.05458333333,0.23,0.11625,0.25,-6.141666667
poke379,Switch,206,Scarlet & Violet 151,Hyper Rare,,NM,08/08/2025,"FB, Aurora",6.1,TCGPlayer,16CBC,0.05458333333,0.23,0.11625,1.25,-5.141666667
poke380,Cyclizar,195,Paldean Fates,Shiny Rare,,NM,08/08/2025,"FB, Aurora",6.1,TCGPlayer,16CBC,0.05458333333,0.23,0.11625,0.95,-5.441666667
poke381,Fidough,69,SV Promo,Promo,,NM,08/08/2025,"FB, Aurora",6.1,TCGPlayer,16CBC,0.05458333333,0.23,0.11625,0.4,-5.991666667
poke382,Greavard,70,SV Promo,Promo,,NM,08/08/2025,"FB, Aurora",6.1,TCGPlayer,16CBC,0.05458333333,0.23,0.11625,0.15,-6.241666667
poke383,Kingambit,187,Paldean Fates,Shiny Rare,,NM,08/08/2025,"FB, Aurora",6.1,TCGPlayer,C3109,0.4366666667,0.3333333333,0.3666666667,1.9,-4.463333333
poke384,Natu,151,Paldean Fates,Shiny Rare,,NM,08/08/2025,"FB, Aurora",6.1,TCGPlayer,705B1,0.3275,0.25,0.2325,1.65,-4.605
poke385,Paldean Tauros,111,Paldean Fates,Shiny Rare,,NM,08/08/2025,"FB, Aurora",6.1,TCGPlayer,9932B,1.31,1,0.63,1.25,-5.17
poke386,Paldean Tauros,111,Paldean Fates,Shiny Rare,,NM,08/08/2025,"FB, Aurora",6.1,TCGPlayer,B7B85,1.31,1,0.72,1.96,-4.55
poke387,Thundurus,139,Paldean Fates,Shiny Rare,,NM,08/08/2025,"FB, Aurora",6.1,TCGPlayer,C3109,0.4366666667,0.3333333333,0.3666666667,1.85,-4.513333333
poke388,Maximum Belt,117,Prismatic Evolutions,Ace Spec,,NM,08/08/2025,"FB, Aurora",6.1,TCGPlayer,C12C4,0.1190909091,0.1327272727,0.1627272727,0.2,-6.076363636
poke389,Maximum Belt,117,Prismatic Evolutions,Ace Spec,,NM,08/08/2025,"FB, Aurora",6.1,TCGPlayer,C12C4,0.1190909091,0.1327272727,0.1627272727,0.2,-6.076363636
poke390,Prime Catcher,119,Prismatic Evolutions,Ace Spec,,NM,08/08/2025,"FB, Aurora",6.1,TCGPlayer,C12C4,0.1190909091,0.1327272727,0.1627272727,0.45,-5.826363636
poke391,Chandelure,TG04,Lost Origin Trainer Gallery,Ultra Rare,,NM,08/08/2025,"FB, Aurora",6.1,TCGPlayer,16CBC,0.05458333333,0.23,0.11625,0.95,-5.441666667
poke392,Comfey,GG14,Crown Zenith Galarian Gallery,Ultra Rare,,NM,08/08/2025,"FB, Aurora",6.1,TCGPlayer,16CBC,0.05458333333,0.23,0.11625,0.85,-5.541666667
poke393,Kricketune,GG02,Crown Zenith Galarian Gallery,Ultra Rare,,NM,08/08/2025,"FB, Aurora",6.1,TCGPlayer,16CBC,0.05458333333,0.23,0.11625,1.9,-4.491666667
poke394,Magnezone,GG18,Crown Zenith Galarian Gallery,Ultra Rare,,NM,08/08/2025,"FB, Aurora",6.1,TCGPlayer,BD080,1.31,1,0.63,1.25,-5.17
poke395,Manaphy,GG06,Crown Zenith Galarian Gallery,Ultra Rare,,NM,08/08/2025,"FB, Aurora",6.1,TCGPlayer,35383,0.3275,0.25,0.3575,1.75,-4.63
poke396,Mareep,GG34,Crown Zenith Galarian Gallery,Ultra Rare,,NM,08/08/2025,"FB, Aurora",6.1,TCGPlayer,35383,0.3275,0.25,0.3575,2.45,-3.93
poke397,Paras,GG32,Crown Zenith Galarian Gallery,Ultra Rare,,NM,08/08/2025,"FB, Aurora",6.1,TCGPlayer,35383,0.3275,0.25,0.3575,2.05,-4.33
poke398,Poochyena,GG33,Crown Zenith Galarian Gallery,Ultra Rare,,NM,08/08/2025,"FB, Aurora",6.1,TCGPlayer,35383,0.3275,0.25,0.3575,1.3,-5.08
poke399,Maractus,160,Journey Together,IR,,NM,08/08/2025,"FB, Aurora",6.1,TCGPlayer,C12C4,0.1190909091,0.1327272727,0.1627272727,1.9,-4.376363636
poke400,Palafin,225,Paldean Fates,IR,,NM,08/08/2025,"FB, Aurora",6.1,TCGPlayer,C12C4,0.1190909091,0.1327272727,0.1627272727,0.85,-5.426363636
poke401,Palafin,225,Paldean Fates,IR,,NM,08/08/2025,"FB, Aurora",6.1,TCGPlayer,16CBC,0.05458333333,0.23,0.11625,0.85,-5.541666667
poke402,Palafin,225,Paldean Fates,IR,,NM,08/08/2025,"FB, Aurora",6.1,TCGPlayer,16CBC,0.05458333333,0.23,0.11625,0.85,-5.541666667
poke403,Palafin,225,Paldean Fates,IR,,NM,08/08/2025,"FB, Aurora",6.1,TCGPlayer,16CBC,0.05458333333,0.23,0.11625,0.85,-5.541666667
poke404,Pawmi,226,Paldean Fates,IR,,NM,08/08/2025,"FB, Aurora",6.1,TCGPlayer,16CBC,0.05458333333,0.23,0.11625,0.45,-5.941666667
poke405,Swinub,165,Journey Together,IR,,NM,08/08/2025,"FB, Aurora",6.1,TCGPlayer,16CBC,0.05458333333,0.23,0.11625,1.95,-4.441666667
poke406,Mamoswine EX,174,Journey Together,Ultra Rare,,NM,08/08/2025,"FB, Aurora",6.1,TCGPlayer,705B1,0.3275,0.25,0.2325,0.65,-5.605
poke407,Paldean Clodsire EX,219,Paldean Fates,Shiny Ultra Rare,,NM,08/08/2025,"FB, Aurora",6.1,TCGPlayer,705B1,0.3275,0.25,0.2325,0.9,-5.355
poke408,Gallade V,SWSH258,SWSH Promo,Promo,,NM,08/08/2025,"FB, Aurora",6.1,TCGPlayer,16CBC,0.05458333333,0.23,0.11625,0.35,-6.041666667
poke409,Regigigas VSTAR,114,Crown Zenith,Ultra Rare,,NM,08/08/2025,"FB, Aurora",6.1,TCGPlayer,6115A,0.0655,0.28,0.1275,0.7,-5.742
poke410,Rotom VSTAR,46,Crown Zenith,Ultra Rare,,NM,08/08/2025,"FB, Aurora",6.1,TCGPlayer,6115A,0.0655,0.28,0.1275,0.65,-5.792
poke411,Zeraora VSTAR,55,Crown Zenith,Ultra Rare,,NM,08/08/2025,"FB, Aurora",6.1,TCGPlayer,6115A,0.0655,0.28,0.1275,0.75,-5.692
poke412,M Houndoom EX,154,XY - BREAKthrough,Ultra Rare,,MP,08/08/2025,"FB, Aurora",6.1,Ebay,Unsold,1.31,0,0,0,-4.79
poke413,Eevee,173,SV Promo ,Promo,,NM,08/08/2025,"FB, Aurora",6.1,TCGPlayer,Unsold,1.31,0,0,0,-4.79
poke414,Friends in Hisui,148,Crown Zenith,Ultra Rare,,NM,08/08/2025,"FB, Aurora",6.1,TCGPlayer,Unsold,1.31,0,0,0,-4.79
poke415,Bill's Transfer,194,Scarlet & Violet 151,Ultra Rare,,NM,08/08/2025,"FB, Aurora",6.1,TCGPlayer,Unsold,1.31,0,0,0,-4.79
poke416,Caretaker,203,Twilight Masquerade,Ultra Rare,,NM,08/08/2025,"FB, Aurora",6.1,TCGPlayer,Unsold,1.31,0,0,0,-4.79
poke417,Clive,236,Paldean Fates,SIR,,NM,08/08/2025,"FB, Aurora",6.1,TCGPlayer,Unsold,1.31,0,0,0,-4.79
poke418,Drayton,172,Prismatic Evolutions,SIR,,NM,08/08/2025,"FB, Aurora",6.1,TCGPlayer,Unsold,1.31,0,0,0,-4.79
poke419,Erika's Invitation,196,Scarlet & Violet 151,Ultra Rare,,NM,08/08/2025,"FB, Aurora",6.1,TCGPlayer,Unsold,1.31,0,0,0,-4.79
poke420,Basic Psychic Energy,207,Scarlet & Violet 151,Hyper Rare,,NM,08/08/2025,"FB, Aurora",6.1,TCGPlayer,Unsold,1.31,0,0,0,-4.79
poke421,Chien-Pao EX,242,Paldean Fates,Hyper Rare,,NM,08/08/2025,"FB, Aurora",6.1,TCGPlayer,Unsold,1.31,0,0,0,-4.79
poke422,Galarian Articuno V,181,Brilliant Stars,Secret Rare,,NM,08/08/2025,"FB, Aurora",6.1,TCGPlayer,Unsold,1.31,0,0,0,-4.79
poke423,Origin Forme Palia VSTAR,GG67,Crown Zenith: Galarian Gallery,Secret Rare,,NM,08/08/2025,"FB, Aurora",6.1,TCGPlayer,Unsold,1.31,0,0,0,-4.79
poke424,Budew (Master Ball Pattern),4,Prismatic Evolutions,Common,,NM,08/08/2025,"FB, Aurora",6.1,TCGPlayer,Unsold,1.31,0,0,0,-4.79
poke425,Drakloak (Master Ball Pattern),72,Prismatic Evolutions,Common,,NM,08/08/2025,"FB, Aurora",6.1,TCGPlayer,Unsold,1.31,0,0,0,-4.79
poke426,Dunsparce (Master Ball Pattern),79,Prismatic Evolutions,Common,,NM,08/08/2025,"FB, Aurora",6.1,TCGPlayer,Unsold,1.31,0,0,0,-4.79
poke427,Spritzee (Master Ball Pattern),38,Prismatic Evolutions,Common,,NM,08/08/2025,"FB, Aurora",6.1,TCGPlayer,Unsold,1.31,0,0,0,-4.79
poke428,Mankey,169,Paldean Fates,Shiny Rare,,NM,08/08/2025,"FB, Aurora",6.1,TCGPlayer,Unsold,1.31,0,0,0,-4.79
poke429,Scizor ,191,Paldean Fates,Shiny Rare,,NM,08/08/2025,"FB, Aurora",6.1,TCGPlayer,Unsold,1.31,0,0,0,-4.79
poke430,Ditto,GG22,Crown Zenith: Galarian Gallery,Ultra Rare,,NM,08/08/2025,"FB, Aurora",6.1,TCGPlayer,Unsold,1.31,0,0,0,-4.79
poke431,Pikachu,GG30,Crown Zenith: Galarian Gallery,Ultra Rare,,NM,08/08/2025,"FB, Aurora",6.1,TCGPlayer,Unsold,1.31,0,0,0,-4.79
poke432,Dragonair,181,Scarlet & Violet 151,IR,,NM,08/08/2025,"FB, Aurora",6.1,TCGPlayer,Unsold,1.31,0,0,0,-4.79
poke433,Bulbasaur,166,Scarlet & Violet 151,IR,,NM,08/08/2025,"FB, Aurora",6.1,TCGPlayer,Unsold,1.31,0,0,0,-4.79
poke434,Ivysaur,167,Scarlet & Violet 151,IR,,NM,08/08/2025,"FB, Aurora",6.1,TCGPlayer,Unsold,1.31,0,0,0,-4.79
poke435,Lycanroc,166,Journey Together,IR,,NM,08/08/2025,"FB, Aurora",6.1,TCGPlayer,Unsold,1.31,0,0,0,-4.79
poke436,Machoke,177,Scarlet & Violet 151,IR,,NM,08/08/2025,"FB, Aurora",6.1,TCGPlayer,Unsold,1.31,0,0,0,-4.79
poke437,Mr. Mime,179,Scarlet & Violet 151,IR,,NM,08/08/2025,"FB, Aurora",6.1,TCGPlayer,Unsold,1.31,0,0,0,-4.79
poke438,N's Reshiram (Stamped),167,Journey Together,IR,,NM,08/08/2025,"FB, Aurora",6.1,TCGPlayer,Unsold,1.31,0,0,0,-4.79
poke439,Omanyte,180,Scarlet & Violet 151,IR,,NM,08/08/2025,"FB, Aurora",6.1,TCGPlayer,Unsold,1.31,0,0,0,-4.79
poke440,Wailord,162,Journey Together,IR,,NM,08/08/2025,"FB, Aurora",6.1,TCGPlayer,Unsold,1.31,0,0,0,-4.79
poke441,Wartortle,171,Scarlet & Violet 151,IR,,NM,08/08/2025,"FB, Aurora",6.1,TCGPlayer,Unsold,1.31,0,0,0,-4.79
poke442,Vaporeon EX,23,Prismatic Evolutions,Double Rare,,NM,08/08/2025,"FB, Aurora",6.1,TCGPlayer,Unsold,1.31,0,0,0,-4.79
poke443,Alakazam EX,188,Scarlet & Violet 151,Ultra Rare,,NM,08/08/2025,"FB, Aurora",6.1,TCGPlayer,Unsold,1.31,0,0,0,-4.79
poke444,Blastoise EX,200,Scarlet & Violet 151,SIR,,NM,08/08/2025,"FB, Aurora",6.1,TCGPlayer,Unsold,1.31,0,0,0,-4.79
poke445,Jynx EX,191,Scarlet & Violet 151,Ultra Rare,,NM,08/08/2025,"FB, Aurora",6.1,TCGPlayer,Unsold,1.31,0,0,0,-4.79
poke446,Lillie's Clefairy EX,173,Journey Together,Ultra Rare,,NM,08/08/2025,"FB, Aurora",6.1,TCGPlayer,Unsold,1.31,0,0,0,-4.79
poke447,Mew EX,193,Scarlet & Violet 151,Ultra Rare,,NM,08/08/2025,"FB, Aurora",6.1,TCGPlayer,Unsold,1.31,0,0,0,-4.79
poke448,N's Zoroark EX,175,Journey Together,Ultra Rare,,NM,08/08/2025,"FB, Aurora",6.1,TCGPlayer,Unsold,1.31,0,0,0,-4.79
poke449,Salamence EX,177,Journey Together,Ultra Rare,,NM,08/08/2025,"FB, Aurora",6.1,TCGPlayer,Unsold,1.31,0,0,0,-4.79
poke450,Venusaur EX,182,Scarlet & Violet 151,Ultra Rare,,NM,08/08/2025,"FB, Aurora",6.1,TCGPlayer,Unsold,1.31,0,0,0,-4.79
poke451,Raikou V,GG41,Crown Zenith: Galarian Gallery,Ultra Rare,,NM,08/08/2025,"FB, Aurora",6.1,TCGPlayer,Unsold,1.31,0,0,0,-4.79
poke452,Suicune V,GG38,Crown Zenith: Galarian Gallery,Ultra Rare,,NM,08/08/2025,"FB, Aurora",6.1,TCGPlayer,Unsold,1.31,0,0,0,-4.79
poke453,Charizard VSTAR,19,Crown Zenith,Ultra Rare,,NM,08/08/2025,"FB, Aurora",6.1,TCGPlayer,Unsold,1.31,0,0,0,-4.79
poke454,Hisuian Samurott VSTAR,GG52,Crown Zenith: Galarian Gallery,Ultra Rare,,NM,08/08/2025,"FB, Aurora",6.1,TCGPlayer,Unsold,1.31,0,0,0,-4.79
poke455,Simisear VSTAR,GG37,Crown Zenith: Galarian Gallery,Ultra Rare,,NM,08/08/2025,"FB, Aurora",6.1,TCGPlayer,Unsold,1.31,0,0,0,-4.79
poke456,Blaziken VMAX,21,Chilling Reign,Ultra Rare,,NM,08/08/2025,"FB, Aurora",6.1,TCGPlayer,Unsold,1.31,0,0,0,-4.79
poke457,Hatterene VMAX,GG47,Crown Zenith: Galarian Gallery,Ultra Rare,,NM,08/08/2025,"FB, Aurora",6.1,TCGPlayer,Unsold,1.31,0,0,0,-4.79
poke458,Umbreon VMAX,TG23,Brilliant Stars Trainer Gallery,Ultra Rare,,NM,08/08/2025,"FB, Aurora",6.1,TCGPlayer,Unsold,1.31,0,0,0,-4.79
poke459,,,,,,,,,,,Unsold,1.31,0,0,0,1.31
poke460,,,,,,,,,,,Unsold,1.31,0,0,0,1.31
poke461,,,,,,,,,,,Unsold,1.31,0,0,0,1.31
poke462,,,,,,,,,,,Unsold,1.31,0,0,0,1.31
poke463,,,,,,,,,,,Unsold,1.31,0,0,0,1.31
poke464,,,,,,,,,,,Unsold,1.31,0,0,0,1.31
poke465,,,,,,,,,,,Unsold,1.31,0,0,0,1.31
poke466,,,,,,,,,,,Unsold,1.31,0,0,0,1.31
poke467,,,,,,,,,,,Unsold,1.31,0,0,0,1.31
poke468,,,,,,,,,,,Unsold,1.31,0,0,0,1.31
poke469,,,,,,,,,,,Unsold,1.31,0,0,0,1.31
poke470,,,,,,,,,,,Unsold,1.31,0,0,0,1.31
poke471,,,,,,,,,,,Unsold,1.31,0,0,0,1.31
poke472,,,,,,,,,,,Unsold,1.31,0,0,0,1.31
poke473,,,,,,,,,,,Unsold,1.31,0,0,0,1.31
poke474,,,,,,,,,,,Unsold,1.31,0,0,0,1.31
poke475,,,,,,,,,,,Unsold,1.31,0,0,0,1.31
poke476,,,,,,,,,,,Unsold,1.31,0,0,0,1.31
poke477,,,,,,,,,,,Unsold,1.31,0,0,0,1.31
poke478,,,,,,,,,,,Unsold,1.31,0,0,0,1.31
poke479,,,,,,,,,,,Unsold,1.31,0,0,0,1.31
poke480,,,,,,,,,,,Unsold,1.31,0,0,0,1.31
poke481,,,,,,,,,,,Unsold,1.31,0,0,0,1.31
poke482,,,,,,,,,,,Unsold,1.31,0,0,0,1.31
poke483,,,,,,,,,,,Unsold,1.31,0,0,0,1.31
poke484,,,,,,,,,,,Unsold,1.31,0,0,0,1.31
poke485,,,,,,,,,,,Unsold,1.31,0,0,0,1.31
poke486,,,,,,,,,,,Unsold,1.31,0,0,0,1.31
poke487,,,,,,,,,,,Unsold,1.31,0,0,0,1.31
poke488,,,,,,,,,,,Unsold,1.31,0,0,0,1.31
poke489,,,,,,,,,,,Unsold,1.31,0,0,0,1.31
poke490,,,,,,,,,,,Unsold,1.31,0,0,0,1.31
poke491,,,,,,,,,,,Unsold,1.31,0,0,0,1.31
poke492,,,,,,,,,,,Unsold,1.31,0,0,0,1.31
poke493,,,,,,,,,,,Unsold,1.31,0,0,0,1.31
poke494,,,,,,,,,,,Unsold,1.31,0,0,0,1.31
poke495,,,,,,,,,,,Unsold,1.31,0,0,0,1.31
poke496,,,,,,,,,,,Unsold,1.31,0,0,0,1.31
poke497,,,,,,,,,,,Unsold,1.31,0,0,0,1.31
poke498,,,,,,,,,,,Unsold,1.31,0,0,0,1.31
poke499,,,,,,,,,,,Unsold,1.31,0,0,0,1.31
poke500,,,,,,,,,,,Unsold,1.31,0,0,0,1.31
poke501,,,,,,,,,,,Unsold,1.31,0,0,0,1.31
poke502,,,,,,,,,,,Unsold,1.31,0,0,0,1.31
poke503,,,,,,,,,,,Unsold,1.31,0,0,0,1.31
poke504,,,,,,,,,,,Unsold,1.31,0,0,0,1.31
poke505,,,,,,,,,,,Unsold,1.31,0,0,0,1.31
poke506,,,,,,,,,,,Unsold,1.31,0,0,0,1.31
poke507,,,,,,,,,,,Unsold,1.31,0,0,0,1.31
poke508,,,,,,,,,,,Unsold,1.31,0,0,0,1.31
poke509,,,,,,,,,,,Unsold,1.31,0,0,0,1.31
poke510,,,,,,,,,,,Unsold,1.31,0,0,0,1.31
poke511,,,,,,,,,,,Unsold,1.31,0,0,0,1.31
poke512,,,,,,,,,,,Unsold,1.31,0,0,0,1.31
poke513,,,,,,,,,,,Unsold,1.31,0,0,0,1.31
poke514,,,,,,,,,,,Unsold,1.31,0,0,0,1.31
poke515,,,,,,,,,,,Unsold,1.31,0,0,0,1.31
poke516,,,,,,,,,,,Unsold,1.31,0,0,0,1.31
poke517,,,,,,,,,,,Unsold,1.31,0,0,0,1.31
poke518,,,,,,,,,,,Unsold,1.31,0,0,0,1.31
poke519,,,,,,,,,,,Unsold,1.31,0,0,0,1.31
poke520,,,,,,,,,,,Unsold,1.31,0,0,0,1.31
poke521,,,,,,,,,,,Unsold,1.31,0,0,0,1.31
poke522,,,,,,,,,,,Unsold,1.31,0,0,0,1.31
poke523,,,,,,,,,,,Unsold,1.31,0,0,0,1.31
poke524,,,,,,,,,,,Unsold,1.31,0,0,0,1.31
poke525,,,,,,,,,,,Unsold,1.31,0,0,0,1.31
poke526,,,,,,,,,,,Unsold,1.31,0,0,0,1.31
poke527,,,,,,,,,,,Unsold,1.31,0,0,0,1.31
poke528,,,,,,,,,,,Unsold,1.31,0,0,0,1.31
poke529,,,,,,,,,,,Unsold,1.31,0,0,0,1.31
poke530,,,,,,,,,,,Unsold,1.31,0,0,0,1.31
poke531,,,,,,,,,,,Unsold,1.31,0,0,0,1.31
poke532,,,,,,,,,,,Unsold,1.31,0,0,0,1.31
poke533,,,,,,,,,,,Unsold,1.31,0,0,0,1.31
poke534,,,,,,,,,,,Unsold,1.31,0,0,0,1.31
poke535,,,,,,,,,,,Unsold,1.31,0,0,0,1.31
poke536,,,,,,,,,,,Unsold,1.31,0,0,0,1.31
poke537,,,,,,,,,,,Unsold,1.31,0,0,0,1.31
poke538,,,,,,,,,,,Unsold,1.31,0,0,0,1.31
poke539,,,,,,,,,,,Unsold,1.31,0,0,0,1.31
poke540,,,,,,,,,,,Unsold,1.31,0,0,0,1.31
poke541,,,,,,,,,,,Unsold,1.31,0,0,0,1.31
poke542,,,,,,,,,,,Unsold,1.31,0,0,0,1.31
poke543,,,,,,,,,,,Unsold,1.31,0,0,0,1.31
poke544,,,,,,,,,,,Unsold,1.31,0,0,0,1.31
poke545,,,,,,,,,,,Unsold,1.31,0,0,0,1.31
poke546,,,,,,,,,,,Unsold,1.31,0,0,0,1.31
poke547,,,,,,,,,,,Unsold,1.31,0,0,0,1.31
poke548,,,,,,,,,,,Unsold,1.31,0,0,0,1.31
poke549,,,,,,,,,,,Unsold,1.31,0,0,0,1.31
poke550,,,,,,,,,,,Unsold,1.31,0,0,0,1.31
poke551,,,,,,,,,,,Unsold,1.31,0,0,0,1.31
poke552,,,,,,,,,,,Unsold,1.31,0,0,0,1.31
poke553,,,,,,,,,,,Unsold,1.31,0,0,0,1.31
poke554,,,,,,,,,,,Unsold,1.31,0,0,0,1.31
poke555,,,,,,,,,,,Unsold,1.31,0,0,0,1.31
poke556,,,,,,,,,,,Unsold,1.31,0,0,0,1.31
poke557,,,,,,,,,,,Unsold,1.31,0,0,0,1.31
poke558,,,,,,,,,,,Unsold,1.31,0,0,0,1.31
poke559,,,,,,,,,,,Unsold,1.31,0,0,0,1.31
poke560,,,,,,,,,,,Unsold,1.31,0,0,0,1.31
poke561,,,,,,,,,,,Unsold,1.31,0,0,0,1.31
poke562,,,,,,,,,,,Unsold,1.31,0,0,0,1.31
poke563,,,,,,,,,,,Unsold,1.31,0,0,0,1.31
poke564,,,,,,,,,,,Unsold,1.31,0,0,0,1.31
poke565,,,,,,,,,,,Unsold,1.31,0,0,0,1.31
poke566,,,,,,,,,,,Unsold,1.31,0,0,0,1.31
poke567,,,,,,,,,,,Unsold,1.31,0,0,0,1.31
poke568,,,,,,,,,,,Unsold,1.31,0,0,0,1.31
poke569,,,,,,,,,,,Unsold,1.31,0,0,0,1.31
poke570,,,,,,,,,,,Unsold,1.31,0,0,0,1.31
poke571,,,,,,,,,,,Unsold,1.31,0,0,0,1.31
poke572,,,,,,,,,,,Unsold,1.31,0,0,0,1.31
poke573,,,,,,,,,,,Unsold,1.31,0,0,0,1.31
poke574,,,,,,,,,,,Unsold,1.31,0,0,0,1.31
poke575,,,,,,,,,,,Unsold,1.31,0,0,0,1.31
poke576,,,,,,,,,,,Unsold,1.31,0,0,0,1.31
poke577,,,,,,,,,,,Unsold,1.31,0,0,0,1.31
poke578,,,,,,,,,,,Unsold,1.31,0,0,0,1.31
poke579,,,,,,,,,,,Unsold,1.31,0,0,0,1.31
poke580,,,,,,,,,,,Unsold,1.31,0,0,0,1.31
poke581,,,,,,,,,,,Unsold,1.31,0,0,0,1.31
poke582,,,,,,,,,,,Unsold,1.31,0,0,0,1.31
poke583,,,,,,,,,,,Unsold,1.31,0,0,0,1.31
poke584,,,,,,,,,,,Unsold,1.31,0,0,0,1.31
poke585,,,,,,,,,,,Unsold,1.31,0,0,0,1.31
poke586,,,,,,,,,,,Unsold,1.31,0,0,0,1.31
poke587,,,,,,,,,,,Unsold,1.31,0,0,0,1.31
poke588,,,,,,,,,,,Unsold,1.31,0,0,0,1.31
poke589,,,,,,,,,,,Unsold,1.31,0,0,0,1.31
poke590,,,,,,,,,,,Unsold,1.31,0,0,0,1.31
poke591,,,,,,,,,,,Unsold,1.31,0,0,0,1.31
poke592,,,,,,,,,,,Unsold,1.31,0,0,0,1.31
poke593,,,,,,,,,,,Unsold,1.31,0,0,0,1.31
poke594,,,,,,,,,,,Unsold,1.31,0,0,0,1.31
poke595,,,,,,,,,,,Unsold,1.31,0,0,0,1.31
poke596,,,,,,,,,,,Unsold,1.31,0,0,0,1.31
poke597,,,,,,,,,,,Unsold,1.31,0,0,0,1.31
poke598,,,,,,,,,,,Unsold,1.31,0,0,0,1.31
poke599,,,,,,,,,,,Unsold,1.31,0,0,0,1.31
poke600,,,,,,,,,,,Unsold,1.31,0,0,0,1.31
poke601,,,,,,,,,,,Unsold,1.31,0,0,0,1.31
poke602,,,,,,,,,,,Unsold,1.31,0,0,0,1.31
poke603,,,,,,,,,,,Unsold,1.31,0,0,0,1.31
poke604,,,,,,,,,,,Unsold,1.31,0,0,0,1.31
poke605,,,,,,,,,,,Unsold,1.31,0,0,0,1.31
poke606,,,,,,,,,,,Unsold,1.31,0,0,0,1.31
poke607,,,,,,,,,,,Unsold,1.31,0,0,0,1.31
poke608,,,,,,,,,,,Unsold,1.31,0,0,0,1.31
poke609,,,,,,,,,,,Unsold,1.31,0,0,0,1.31
poke610,,,,,,,,,,,Unsold,1.31,0,0,0,1.31
poke611,,,,,,,,,,,Unsold,1.31,0,0,0,1.31
poke612,,,,,,,,,,,Unsold,1.31,0,0,0,1.31
poke613,,,,,,,,,,,Unsold,1.31,0,0,0,1.31
poke614,,,,,,,,,,,Unsold,1.31,0,0,0,1.31
poke615,,,,,,,,,,,Unsold,1.31,0,0,0,1.31
poke616,,,,,,,,,,,Unsold,1.31,0,0,0,1.31
poke617,,,,,,,,,,,Unsold,1.31,0,0,0,1.31
poke618,,,,,,,,,,,Unsold,1.31,0,0,0,1.31
poke619,,,,,,,,,,,Unsold,1.31,0,0,0,1.31
poke620,,,,,,,,,,,Unsold,1.31,0,0,0,1.31
poke621,,,,,,,,,,,Unsold,1.31,0,0,0,1.31
poke622,,,,,,,,,,,Unsold,1.31,0,0,0,1.31
poke623,,,,,,,,,,,Unsold,1.31,0,0,0,1.31
poke624,,,,,,,,,,,Unsold,1.31,0,0,0,1.31
poke625,,,,,,,,,,,Unsold,1.31,0,0,0,1.31
poke626,,,,,,,,,,,Unsold,1.31,0,0,0,1.31
poke627,,,,,,,,,,,Unsold,1.31,0,0,0,1.31
poke628,,,,,,,,,,,Unsold,1.31,0,0,0,1.31
poke629,,,,,,,,,,,Unsold,1.31,0,0,0,1.31
poke630,,,,,,,,,,,Unsold,1.31,0,0,0,1.31
poke631,,,,,,,,,,,Unsold,1.31,0,0,0,1.31
poke632,,,,,,,,,,,Unsold,1.31,0,0,0,1.31
poke633,,,,,,,,,,,Unsold,1.31,0,0,0,1.31
poke634,,,,,,,,,,,Unsold,1.31,0,0,0,1.31
poke635,,,,,,,,,,,Unsold,1.31,0,0,0,1.31
poke636,,,,,,,,,,,Unsold,1.31,0,0,0,1.31
poke637,,,,,,,,,,,Unsold,1.31,0,0,0,1.31
poke638,,,,,,,,,,,Unsold,1.31,0,0,0,1.31
poke639,,,,,,,,,,,Unsold,1.31,0,0,0,1.31
poke640,,,,,,,,,,,Unsold,1.31,0,0,0,1.31
poke641,,,,,,,,,,,Unsold,1.31,0,0,0,1.31
poke642,,,,,,,,,,,Unsold,1.31,0,0,0,1.31
poke643,,,,,,,,,,,Unsold,1.31,0,0,0,1.31
poke644,,,,,,,,,,,Unsold,1.31,0,0,0,1.31
poke645,,,,,,,,,,,Unsold,1.31,0,0,0,1.31
poke646,,,,,,,,,,,Unsold,1.31,0,0,0,1.31
poke647,,,,,,,,,,,Unsold,1.31,0,0,0,1.31
poke648,,,,,,,,,,,Unsold,1.31,0,0,0,1.31
poke649,,,,,,,,,,,Unsold,1.31,0,0,0,1.31
poke650,,,,,,,,,,,Unsold,1.31,0,0,0,1.31
poke651,,,,,,,,,,,Unsold,1.31,0,0,0,1.31
poke652,,,,,,,,,,,Unsold,1.31,0,0,0,1.31
poke653,,,,,,,,,,,Unsold,1.31,0,0,0,1.31
poke654,,,,,,,,,,,Unsold,1.31,0,0,0,1.31
poke655,,,,,,,,,,,Unsold,1.31,0,0,0,1.31
poke656,,,,,,,,,,,Unsold,1.31,0,0,0,1.31
poke657,,,,,,,,,,,Unsold,1.31,0,0,0,1.31
poke658,,,,,,,,,,,Unsold,1.31,0,0,0,1.31
poke659,,,,,,,,,,,Unsold,1.31,0,0,0,1.31
poke660,,,,,,,,,,,Unsold,1.31,0,0,0,1.31
poke661,,,,,,,,,,,Unsold,1.31,0,0,0,1.31
poke662,,,,,,,,,,,Unsold,1.31,0,0,0,1.31
poke663,,,,,,,,,,,Unsold,1.31,0,0,0,1.31
poke664,,,,,,,,,,,Unsold,1.31,0,0,0,1.31
poke665,,,,,,,,,,,Unsold,1.31,0,0,0,1.31
poke666,,,,,,,,,,,Unsold,1.31,0,0,0,1.31
poke667,,,,,,,,,,,Unsold,1.31,0,0,0,1.31
poke668,,,,,,,,,,,Unsold,1.31,0,0,0,1.31
poke669,,,,,,,,,,,Unsold,1.31,0,0,0,1.31
poke670,,,,,,,,,,,Unsold,1.31,0,0,0,1.31
poke671,,,,,,,,,,,Unsold,1.31,0,0,0,1.31
poke672,,,,,,,,,,,Unsold,1.31,0,0,0,1.31
poke673,,,,,,,,,,,Unsold,1.31,0,0,0,1.31
poke674,,,,,,,,,,,Unsold,1.31,0,0,0,1.31
poke675,,,,,,,,,,,Unsold,1.31,0,0,0,1.31
poke676,,,,,,,,,,,Unsold,1.31,0,0,0,1.31
poke677,,,,,,,,,,,Unsold,1.31,0,0,0,1.31
poke678,,,,,,,,,,,Unsold,1.31,0,0,0,1.31
poke679,,,,,,,,,,,Unsold,1.31,0,0,0,1.31
poke680,,,,,,,,,,,Unsold,1.31,0,0,0,1.31
poke681,,,,,,,,,,,Unsold,1.31,0,0,0,1.31
poke682,,,,,,,,,,,Unsold,1.31,0,0,0,1.31
poke683,,,,,,,,,,,Unsold,1.31,0,0,0,1.31
poke684,,,,,,,,,,,Unsold,1.31,0,0,0,1.31
poke685,,,,,,,,,,,Unsold,1.31,0,0,0,1.31
poke686,,,,,,,,,,,Unsold,1.31,0,0,0,1.31
poke687,,,,,,,,,,,Unsold,1.31,0,0,0,1.31
poke688,,,,,,,,,,,Unsold,1.31,0,0,0,1.31
poke689,,,,,,,,,,,Unsold,1.31,0,0,0,1.31
poke690,,,,,,,,,,,Unsold,1.31,0,0,0,1.31
poke691,,,,,,,,,,,Unsold,1.31,0,0,0,1.31
poke692,,,,,,,,,,,Unsold,1.31,0,0,0,1.31
poke693,,,,,,,,,,,Unsold,1.31,0,0,0,1.31
poke694,,,,,,,,,,,Unsold,1.31,0,0,0,1.31
poke695,,,,,,,,,,,Unsold,1.31,0,0,0,1.31
poke696,,,,,,,,,,,Unsold,1.31,0,0,0,1.31
poke697,,,,,,,,,,,Unsold,1.31,0,0,0,1.31
poke698,,,,,,,,,,,Unsold,1.31,0,0,0,1.31
poke699,,,,,,,,,,,Unsold,1.31,0,0,0,1.31
poke700,,,,,,,,,,,Unsold,1.31,0,0,0,1.31
poke701,,,,,,,,,,,Unsold,1.31,0,0,0,1.31
poke702,,,,,,,,,,,Unsold,1.31,0,0,0,1.31
poke703,,,,,,,,,,,Unsold,1.31,0,0,0,1.31
poke704,,,,,,,,,,,Unsold,1.31,0,0,0,1.31
poke705,,,,,,,,,,,Unsold,1.31,0,0,0,1.31
poke706,,,,,,,,,,,Unsold,1.31,0,0,0,1.31
poke707,,,,,,,,,,,Unsold,1.31,0,0,0,1.31
poke708,,,,,,,,,,,Unsold,1.31,0,0,0,1.31
poke709,,,,,,,,,,,Unsold,1.31,0,0,0,1.31
poke710,,,,,,,,,,,Unsold,1.31,0,0,0,1.31
poke711,,,,,,,,,,,Unsold,1.31,0,0,0,1.31
poke712,,,,,,,,,,,Unsold,1.31,0,0,0,1.31
poke713,,,,,,,,,,,Unsold,1.31,0,0,0,1.31
poke714,,,,,,,,,,,Unsold,1.31,0,0,0,1.31
poke715,,,,,,,,,,,Unsold,1.31,0,0,0,1.31
poke716,,,,,,,,,,,Unsold,1.31,0,0,0,1.31
poke717,,,,,,,,,,,Unsold,1.31,0,0,0,1.31
poke718,,,,,,,,,,,Unsold,1.31,0,0,0,1.31
poke719,,,,,,,,,,,Unsold,1.31,0,0,0,1.31
poke720,,,,,,,,,,,Unsold,1.31,0,0,0,1.31
poke721,,,,,,,,,,,Unsold,1.31,0,0,0,1.31
poke722,,,,,,,,,,,Unsold,1.31,0,0,0,1.31
poke723,,,,,,,,,,,Unsold,1.31,0,0,0,1.31
poke724,,,,,,,,,,,Unsold,1.31,0,0,0,1.31
poke725,,,,,,,,,,,Unsold,1.31,0,0,0,1.31
poke726,,,,,,,,,,,Unsold,1.31,0,0,0,1.31
poke727,,,,,,,,,,,Unsold,1.31,0,0,0,1.31
poke728,,,,,,,,,,,Unsold,1.31,0,0,0,1.31
poke729,,,,,,,,,,,Unsold,1.31,0,0,0,1.31
poke730,,,,,,,,,,,Unsold,1.31,0,0,0,1.31
poke731,,,,,,,,,,,Unsold,1.31,0,0,0,1.31
poke732,,,,,,,,,,,Unsold,1.31,0,0,0,1.31
poke733,,,,,,,,,,,Unsold,1.31,0,0,0,1.31
poke734,,,,,,,,,,,Unsold,1.31,0,0,0,1.31
poke735,,,,,,,,,,,Unsold,1.31,0,0,0,1.31
poke736,,,,,,,,,,,Unsold,1.31,0,0,0,1.31
poke737,,,,,,,,,,,Unsold,1.31,0,0,0,1.31
poke738,,,,,,,,,,,Unsold,1.31,0,0,0,1.31
poke739,,,,,,,,,,,Unsold,1.31,0,0,0,1.31
poke740,,,,,,,,,,,Unsold,1.31,0,0,0,1.31
poke741,,,,,,,,,,,Unsold,1.31,0,0,0,1.31
poke742,,,,,,,,,,,Unsold,1.31,0,0,0,1.31
poke743,,,,,,,,,,,Unsold,1.31,0,0,0,1.31
poke744,,,,,,,,,,,Unsold,1.31,0,0,0,1.31
poke745,,,,,,,,,,,Unsold,1.31,0,0,0,1.31
poke746,,,,,,,,,,,Unsold,1.31,0,0,0,1.31
poke747,,,,,,,,,,,Unsold,1.31,0,0,0,1.31
poke748,,,,,,,,,,,Unsold,1.31,0,0,0,1.31
poke749,,,,,,,,,,,Unsold,1.31,0,0,0,1.31
poke750,,,,,,,,,,,Unsold,1.31,0,0,0,1.31
poke751,,,,,,,,,,,Unsold,1.31,0,0,0,1.31
poke752,,,,,,,,,,,Unsold,1.31,0,0,0,1.31
poke753,,,,,,,,,,,Unsold,1.31,0,0,0,1.31
poke754,,,,,,,,,,,Unsold,1.31,0,0,0,1.31
poke755,,,,,,,,,,,Unsold,1.31,0,0,0,1.31
poke756,,,,,,,,,,,Unsold,1.31,0,0,0,1.31
poke757,,,,,,,,,,,Unsold,1.31,0,0,0,1.31
poke758,,,,,,,,,,,Unsold,1.31,0,0,0,1.31
poke759,,,,,,,,,,,Unsold,1.31,0,0,0,1.31
poke760,,,,,,,,,,,Unsold,1.31,0,0,0,1.31
poke761,,,,,,,,,,,Unsold,1.31,0,0,0,1.31
poke762,,,,,,,,,,,Unsold,1.31,0,0,0,1.31
poke763,,,,,,,,,,,Unsold,1.31,0,0,0,1.31
poke764,,,,,,,,,,,Unsold,1.31,0,0,0,1.31
poke765,,,,,,,,,,,Unsold,1.31,0,0,0,1.31
poke766,,,,,,,,,,,Unsold,1.31,0,0,0,1.31
poke767,,,,,,,,,,,Unsold,1.31,0,0,0,1.31
poke768,,,,,,,,,,,Unsold,1.31,0,0,0,1.31
poke769,,,,,,,,,,,Unsold,1.31,0,0,0,1.31
poke770,,,,,,,,,,,Unsold,1.31,0,0,0,1.31
poke771,,,,,,,,,,,Unsold,1.31,0,0,0,1.31
poke772,,,,,,,,,,,Unsold,1.31,0,0,0,1.31
poke773,,,,,,,,,,,Unsold,1.31,0,0,0,1.31
poke774,,,,,,,,,,,Unsold,1.31,0,0,0,1.31
poke775,,,,,,,,,,,Unsold,1.31,0,0,0,1.31
poke776,,,,,,,,,,,Unsold,1.31,0,0,0,1.31
poke777,,,,,,,,,,,Unsold,1.31,0,0,0,1.31
poke778,,,,,,,,,,,Unsold,1.31,0,0,0,1.31
poke779,,,,,,,,,,,Unsold,1.31,0,0,0,1.31
poke780,,,,,,,,,,,Unsold,1.31,0,0,0,1.31
poke781,,,,,,,,,,,Unsold,1.31,0,0,0,1.31
poke782,,,,,,,,,,,Unsold,1.31,0,0,0,1.31
poke783,,,,,,,,,,,Unsold,1.31,0,0,0,1.31
poke784,,,,,,,,,,,Unsold,1.31,0,0,0,1.31
poke785,,,,,,,,,,,Unsold,1.31,0,0,0,1.31
poke786,,,,,,,,,,,Unsold,1.31,0,0,0,1.31
poke787,,,,,,,,,,,Unsold,1.31,0,0,0,1.31
poke788,,,,,,,,,,,Unsold,1.31,0,0,0,1.31
poke789,,,,,,,,,,,Unsold,1.31,0,0,0,1.31
poke790,,,,,,,,,,,Unsold,1.31,0,0,0,1.31
poke791,,,,,,,,,,,Unsold,1.31,0,0,0,1.31
poke792,,,,,,,,,,,Unsold,1.31,0,0,0,1.31
poke793,,,,,,,,,,,Unsold,1.31,0,0,0,1.31
poke794,,,,,,,,,,,Unsold,1.31,0,0,0,1.31
poke795,,,,,,,,,,,Unsold,1.31,0,0,0,1.31
poke796,,,,,,,,,,,Unsold,1.31,0,0,0,1.31
poke797,,,,,,,,,,,Unsold,1.31,0,0,0,1.31
poke798,,,,,,,,,,,Unsold,1.31,0,0,0,1.31
poke799,,,,,,,,,,,Unsold,1.31,0,0,0,1.31
poke800,,,,,,,,,,,Unsold,1.31,0,0,0,1.31
poke801,,,,,,,,,,,Unsold,1.31,0,0,0,1.31
poke802,,,,,,,,,,,Unsold,1.31,0,0,0,1.31
poke803,,,,,,,,,,,Unsold,1.31,0,0,0,1.31
poke804,,,,,,,,,,,Unsold,1.31,0,0,0,1.31
poke805,,,,,,,,,,,Unsold,1.31,0,0,0,1.31
poke806,,,,,,,,,,,Unsold,1.31,0,0,0,1.31
poke807,,,,,,,,,,,Unsold,1.31,0,0,0,1.31
poke808,,,,,,,,,,,Unsold,1.31,0,0,0,1.31
poke809,,,,,,,,,,,Unsold,1.31,0,0,0,1.31
poke810,,,,,,,,,,,Unsold,1.31,0,0,0,1.31
poke811,,,,,,,,,,,Unsold,1.31,0,0,0,1.31
poke812,,,,,,,,,,,Unsold,1.31,0,0,0,1.31
poke813,,,,,,,,,,,Unsold,1.31,0,0,0,1.31
poke814,,,,,,,,,,,Unsold,1.31,0,0,0,1.31
poke815,,,,,,,,,,,Unsold,1.31,0,0,0,1.31
poke816,,,,,,,,,,,Unsold,1.31,0,0,0,1.31
poke817,,,,,,,,,,,Unsold,1.31,0,0,0,1.31
poke818,,,,,,,,,,,Unsold,1.31,0,0,0,1.31
poke819,,,,,,,,,,,Unsold,1.31,0,0,0,1.31
poke820,,,,,,,,,,,Unsold,1.31,0,0,0,1.31
poke821,,,,,,,,,,,Unsold,1.31,0,0,0,1.31
poke822,,,,,,,,,,,Unsold,1.31,0,0,0,1.31
poke823,,,,,,,,,,,Unsold,1.31,0,0,0,1.31
poke824,,,,,,,,,,,Unsold,1.31,0,0,0,1.31
poke825,,,,,,,,,,,Unsold,1.31,0,0,0,1.31
poke826,,,,,,,,,,,Unsold,1.31,0,0,0,1.31
poke827,,,,,,,,,,,Unsold,1.31,0,0,0,1.31
poke828,,,,,,,,,,,Unsold,1.31,0,0,0,1.31
poke829,,,,,,,,,,,Unsold,1.31,0,0,0,1.31
poke830,,,,,,,,,,,Unsold,1.31,0,0,0,1.31
poke831,,,,,,,,,,,Unsold,1.31,0,0,0,1.31
poke832,,,,,,,,,,,Unsold,1.31,0,0,0,1.31
poke833,,,,,,,,,,,Unsold,1.31,0,0,0,1.31
poke834,,,,,,,,,,,Unsold,1.31,0,0,0,1.31
poke835,,,,,,,,,,,Unsold,1.31,0,0,0,1.31
poke836,,,,,,,,,,,Unsold,1.31,0,0,0,1.31
poke837,,,,,,,,,,,Unsold,1.31,0,0,0,1.31
poke838,,,,,,,,,,,Unsold,1.31,0,0,0,1.31
poke839,,,,,,,,,,,Unsold,1.31,0,0,0,1.31
poke840,,,,,,,,,,,Unsold,1.31,0,0,0,1.31
poke841,,,,,,,,,,,Unsold,1.31,0,0,0,1.31
poke842,,,,,,,,,,,Unsold,1.31,0,0,0,1.31
poke843,,,,,,,,,,,Unsold,1.31,0,0,0,1.31
poke844,,,,,,,,,,,Unsold,1.31,0,0,0,1.31
poke845,,,,,,,,,,,Unsold,1.31,0,0,0,1.31
poke846,,,,,,,,,,,Unsold,1.31,0,0,0,1.31
poke847,,,,,,,,,,,Unsold,1.31,0,0,0,1.31
poke848,,,,,,,,,,,Unsold,1.31,0,0,0,1.31
poke849,,,,,,,,,,,Unsold,1.31,0,0,0,1.31
poke850,,,,,,,,,,,Unsold,1.31,0,0,0,1.31
poke851,,,,,,,,,,,Unsold,1.31,0,0,0,1.31
poke852,,,,,,,,,,,Unsold,1.31,0,0,0,1.31
poke853,,,,,,,,,,,Unsold,1.31,0,0,0,1.31
poke854,,,,,,,,,,,Unsold,1.31,0,0,0,1.31
poke855,,,,,,,,,,,Unsold,1.31,0,0,0,1.31
poke856,,,,,,,,,,,Unsold,1.31,0,0,0,1.31
poke857,,,,,,,,,,,Unsold,1.31,0,0,0,1.31
poke858,,,,,,,,,,,Unsold,1.31,0,0,0,1.31
poke859,,,,,,,,,,,Unsold,1.31,0,0,0,1.31
poke860,,,,,,,,,,,Unsold,1.31,0,0,0,1.31
poke861,,,,,,,,,,,Unsold,1.31,0,0,0,1.31
poke862,,,,,,,,,,,Unsold,1.31,0,0,0,1.31
poke863,,,,,,,,,,,Unsold,1.31,0,0,0,1.31
poke864,,,,,,,,,,,Unsold,1.31,0,0,0,1.31
poke865,,,,,,,,,,,Unsold,1.31,0,0,0,1.31
poke866,,,,,,,,,,,Unsold,1.31,0,0,0,1.31
poke867,,,,,,,,,,,Unsold,1.31,0,0,0,1.31
poke868,,,,,,,,,,,Unsold,1.31,0,0,0,1.31
poke869,,,,,,,,,,,Unsold,1.31,0,0,0,1.31
poke870,,,,,,,,,,,Unsold,1.31,0,0,0,1.31
poke871,,,,,,,,,,,Unsold,1.31,0,0,0,1.31
poke872,,,,,,,,,,,Unsold,1.31,0,0,0,1.31
poke873,,,,,,,,,,,Unsold,1.31,0,0,0,1.31
poke874,,,,,,,,,,,Unsold,1.31,0,0,0,1.31
poke875,,,,,,,,,,,Unsold,1.31,0,0,0,1.31
poke876,,,,,,,,,,,Unsold,1.31,0,0,0,1.31
poke877,,,,,,,,,,,Unsold,1.31,0,0,0,1.31
poke878,,,,,,,,,,,Unsold,1.31,0,0,0,1.31
poke879,,,,,,,,,,,Unsold,1.31,0,0,0,1.31
poke880,,,,,,,,,,,Unsold,1.31,0,0,0,1.31
poke881,,,,,,,,,,,Unsold,1.31,0,0,0,1.31
poke882,,,,,,,,,,,Unsold,1.31,0,0,0,1.31
poke883,,,,,,,,,,,Unsold,1.31,0,0,0,1.31
poke884,,,,,,,,,,,Unsold,1.31,0,0,0,1.31
poke885,,,,,,,,,,,Unsold,1.31,0,0,0,1.31
poke886,,,,,,,,,,,Unsold,1.31,0,0,0,1.31
poke887,,,,,,,,,,,Unsold,1.31,0,0,0,1.31
poke888,,,,,,,,,,,Unsold,1.31,0,0,0,1.31
poke889,,,,,,,,,,,Unsold,1.31,0,0,0,1.31
poke890,,,,,,,,,,,Unsold,1.31,0,0,0,1.31
poke891,,,,,,,,,,,Unsold,1.31,0,0,0,1.31
poke892,,,,,,,,,,,Unsold,1.31,0,0,0,1.31
poke893,,,,,,,,,,,Unsold,1.31,0,0,0,1.31
poke894,,,,,,,,,,,Unsold,1.31,0,0,0,1.31
poke895,,,,,,,,,,,Unsold,1.31,0,0,0,1.31
poke896,,,,,,,,,,,Unsold,1.31,0,0,0,1.31
poke897,,,,,,,,,,,Unsold,1.31,0,0,0,1.31
poke898,,,,,,,,,,,Unsold,1.31,0,0,0,1.31
poke899,,,,,,,,,,,Unsold,1.31,0,0,0,1.31
poke900,,,,,,,,,,,Unsold,1.31,0,0,0,1.31
poke901,,,,,,,,,,,Unsold,1.31,0,0,0,1.31
poke902,,,,,,,,,,,Unsold,1.31,0,0,0,1.31
poke903,,,,,,,,,,,Unsold,1.31,0,0,0,1.31
poke904,,,,,,,,,,,Unsold,1.31,0,0,0,1.31
poke905,,,,,,,,,,,Unsold,1.31,0,0,0,1.31
poke906,,,,,,,,,,,Unsold,1.31,0,0,0,1.31
poke907,,,,,,,,,,,Unsold,1.31,0,0,0,1.31
poke908,,,,,,,,,,,Unsold,1.31,0,0,0,1.31
poke909,,,,,,,,,,,Unsold,1.31,0,0,0,1.31
poke910,,,,,,,,,,,Unsold,1.31,0,0,0,1.31
poke911,,,,,,,,,,,Unsold,1.31,0,0,0,1.31
poke912,,,,,,,,,,,Unsold,1.31,0,0,0,1.31
poke913,,,,,,,,,,,Unsold,1.31,0,0,0,1.31
poke914,,,,,,,,,,,Unsold,1.31,0,0,0,1.31
poke915,,,,,,,,,,,Unsold,1.31,0,0,0,1.31
poke916,,,,,,,,,,,Unsold,1.31,0,0,0,1.31
poke917,,,,,,,,,,,Unsold,1.31,0,0,0,1.31
poke918,,,,,,,,,,,Unsold,1.31,0,0,0,1.31
poke919,,,,,,,,,,,Unsold,1.31,0,0,0,1.31
poke920,,,,,,,,,,,Unsold,1.31,0,0,0,1.31
poke921,,,,,,,,,,,Unsold,1.31,0,0,0,1.31
poke922,,,,,,,,,,,Unsold,1.31,0,0,0,1.31
poke923,,,,,,,,,,,Unsold,1.31,0,0,0,1.31
poke924,,,,,,,,,,,Unsold,1.31,0,0,0,1.31
poke925,,,,,,,,,,,Unsold,1.31,0,0,0,1.31
poke926,,,,,,,,,,,Unsold,1.31,0,0,0,1.31
poke927,,,,,,,,,,,Unsold,1.31,0,0,0,1.31
poke928,,,,,,,,,,,Unsold,1.31,0,0,0,1.31
poke929,,,,,,,,,,,Unsold,1.31,0,0,0,1.31
poke930,,,,,,,,,,,Unsold,1.31,0,0,0,1.31
poke931,,,,,,,,,,,Unsold,1.31,0,0,0,1.31
poke932,,,,,,,,,,,Unsold,1.31,0,0,0,1.31
poke933,,,,,,,,,,,Unsold,1.31,0,0,0,1.31
poke934,,,,,,,,,,,Unsold,1.31,0,0,0,1.31
poke935,,,,,,,,,,,Unsold,1.31,0,0,0,1.31
poke936,,,,,,,,,,,Unsold,1.31,0,0,0,1.31
poke937,,,,,,,,,,,Unsold,1.31,0,0,0,1.31
poke938,,,,,,,,,,,Unsold,1.31,0,0,0,1.31
poke939,,,,,,,,,,,Unsold,1.31,0,0,0,1.31
poke940,,,,,,,,,,,Unsold,1.31,0,0,0,1.31
poke941,,,,,,,,,,,Unsold,1.31,0,0,0,1.31
poke942,,,,,,,,,,,Unsold,1.31,0,0,0,1.31
poke943,,,,,,,,,,,Unsold,1.31,0,0,0,1.31
poke944,,,,,,,,,,,Unsold,1.31,0,0,0,1.31
poke945,,,,,,,,,,,Unsold,1.31,0,0,0,1.31
poke946,,,,,,,,,,,Unsold,1.31,0,0,0,1.31
poke947,,,,,,,,,,,Unsold,1.31,0,0,0,1.31
poke948,,,,,,,,,,,Unsold,1.31,0,0,0,1.31
poke949,,,,,,,,,,,Unsold,1.31,0,0,0,1.31
poke950,,,,,,,,,,,Unsold,1.31,0,0,0,1.31
poke951,,,,,,,,,,,Unsold,1.31,0,0,0,1.31
poke952,,,,,,,,,,,Unsold,1.31,0,0,0,1.31
poke953,,,,,,,,,,,Unsold,1.31,0,0,0,1.31
poke954,,,,,,,,,,,Unsold,1.31,0,0,0,1.31
poke955,,,,,,,,,,,Unsold,1.31,0,0,0,1.31
poke956,,,,,,,,,,,Unsold,1.31,0,0,0,1.31
poke957,,,,,,,,,,,Unsold,1.31,0,0,0,1.31
poke958,,,,,,,,,,,Unsold,1.31,0,0,0,1.31
poke959,,,,,,,,,,,Unsold,1.31,0,0,0,1.31
poke960,,,,,,,,,,,Unsold,1.31,0,0,0,1.31
poke961,,,,,,,,,,,Unsold,1.31,0,0,0,1.31
poke962,,,,,,,,,,,Unsold,1.31,0,0,0,1.31
poke963,,,,,,,,,,,Unsold,1.31,0,0,0,1.31
poke964,,,,,,,,,,,Unsold,1.31,0,0,0,1.31
poke965,,,,,,,,,,,Unsold,1.31,0,0,0,1.31
poke966,,,,,,,,,,,Unsold,1.31,0,0,0,1.31
poke967,,,,,,,,,,,Unsold,1.31,0,0,0,1.31
poke968,,,,,,,,,,,Unsold,1.31,0,0,0,1.31
poke969,,,,,,,,,,,Unsold,1.31,0,0,0,1.31
poke970,,,,,,,,,,,Unsold,1.31,0,0,0,1.31
poke971,,,,,,,,,,,Unsold,1.31,0,0,0,1.31
poke972,,,,,,,,,,,Unsold,1.31,0,0,0,1.31
poke973,,,,,,,,,,,Unsold,1.31,0,0,0,1.31
poke974,,,,,,,,,,,Unsold,1.31,0,0,0,1.31
poke975,,,,,,,,,,,Unsold,1.31,0,0,0,1.31
poke976,,,,,,,,,,,Unsold,1.31,0,0,0,1.31
poke977,,,,,,,,,,,Unsold,1.31,0,0,0,1.31
poke978,,,,,,,,,,,Unsold,1.31,0,0,0,1.31
poke979,,,,,,,,,,,Unsold,1.31,0,0,0,1.31
poke980,,,,,,,,,,,Unsold,1.31,0,0,0,1.31
poke981,,,,,,,,,,,Unsold,1.31,0,0,0,1.31
poke982,,,,,,,,,,,Unsold,1.31,0,0,0,1.31
poke983,,,,,,,,,,,Unsold,1.31,0,0,0,1.31
poke984,,,,,,,,,,,Unsold,1.31,0,0,0,1.31
poke985,,,,,,,,,,,Unsold,1.31,0,0,0,1.31
poke986,,,,,,,,,,,Unsold,1.31,0,0,0,1.31
poke987,,,,,,,,,,,Unsold,1.31,0,0,0,1.31
poke988,,,,,,,,,,,Unsold,1.31,0,0,0,1.31
poke989,,,,,,,,,,,Unsold,1.31,0,0,0,1.31
poke990,,,,,,,,,,,Unsold,1.31,0,0,0,1.31
poke991,,,,,,,,,,,Unsold,1.31,0,0,0,1.31
poke992,,,,,,,,,,,Unsold,1.31,0,0,0,1.31
poke993,,,,,,,,,,,Unsold,1.31,0,0,0,1.31
poke994,,,,,,,,,,,Unsold,1.31,0,0,0,1.31
poke995,,,,,,,,,,,Unsold,1.31,0,0,0,1.31
poke996,,,,,,,,,,,Unsold,1.31,0,0,0,1.31
poke997,,,,,,,,,,,Unsold,1.31,0,0,0,1.31
poke998,,,,,,,,,,,Unsold,1.31,0,0,0,1.31
poke999,,,,,,,,,,,Unsold,1.31,0,0,0,1.31